Fixed curve run: SNR=[-2.5, -2.0, -1.5, -1.0, -0.5, 0.0, 0.5], 1000 common drops/SNR; 5 estimated-CSI curves + 0 Perfect-CSI diagnostics
SNR -2.5 dB starting/resuming at 0 common drops
  SNR -2.5 dB, common drops=10, overall=10/7000 (0.1%), rate=0.298 drops/s, elapsed=00:00:34, remaining=06:30:38, finish_utc=2026-09-21T22:15:49+00:00, errors=[B-SSB:2, P2-SSB:3, P6-SSB:3, BC-SSB:2, CDD-SSB:2]
  SNR -2.5 dB, common drops=20, overall=20/7000 (0.3%), rate=0.314 drops/s, elapsed=00:01:04, remaining=06:10:44, finish_utc=2026-09-21T21:56:25+00:00, errors=[B-SSB:5, P2-SSB:6, P6-SSB:6, BC-SSB:3, CDD-SSB:4]
  SNR -2.5 dB, common drops=30, overall=30/7000 (0.4%), rate=0.320 drops/s, elapsed=00:01:34, remaining=06:02:36, finish_utc=2026-09-21T21:48:47+00:00, errors=[B-SSB:8, P2-SSB:7, P6-SSB:7, BC-SSB:6, CDD-SSB:4]
  SNR -2.5 dB, common drops=40, overall=40/7000 (0.6%), rate=0.323 drops/s, elapsed=00:02:04, remaining=05:59:09, finish_utc=2026-09-21T21:45:50+00:00, errors=[B-SSB:11, P2-SSB:9, P6-SSB:9, BC-SSB:8, CDD-SSB:5]
  SNR -2.5 dB, common drops=50, overall=50/7000 (0.7%), rate=0.319 drops/s, elapsed=00:02:37, remaining=06:03:26, finish_utc=2026-09-21T21:50:40+00:00, errors=[B-SSB:12, P2-SSB:10, P6-SSB:10, BC-SSB:10, CDD-SSB:7]
  SNR -2.5 dB, common drops=60, overall=60/7000 (0.9%), rate=0.314 drops/s, elapsed=00:03:11, remaining=06:07:52, finish_utc=2026-09-21T21:55:41+00:00, errors=[B-SSB:16, P2-SSB:14, P6-SSB:13, BC-SSB:14, CDD-SSB:11]
  SNR -2.5 dB, common drops=70, overall=70/7000 (1.0%), rate=0.314 drops/s, elapsed=00:03:43, remaining=06:08:25, finish_utc=2026-09-21T21:56:46+00:00, errors=[B-SSB:19, P2-SSB:16, P6-SSB:16, BC-SSB:17, CDD-SSB:13]
  SNR -2.5 dB, common drops=80, overall=80/7000 (1.1%), rate=0.316 drops/s, elapsed=00:04:13, remaining=06:05:12, finish_utc=2026-09-21T21:54:02+00:00, errors=[B-SSB:22, P2-SSB:19, P6-SSB:19, BC-SSB:20, CDD-SSB:13]
  SNR -2.5 dB, common drops=90, overall=90/7000 (1.3%), rate=0.318 drops/s, elapsed=00:04:43, remaining=06:02:23, finish_utc=2026-09-21T21:51:43+00:00, errors=[B-SSB:25, P2-SSB:22, P6-SSB:23, BC-SSB:23, CDD-SSB:15]
  SNR -2.5 dB, common drops=100, overall=100/7000 (1.4%), rate=0.318 drops/s, elapsed=00:05:14, remaining=06:01:18, finish_utc=2026-09-21T21:51:10+00:00, errors=[B-SSB:30, P2-SSB:25, P6-SSB:25, BC-SSB:25, CDD-SSB:17]
  SNR -2.5 dB, common drops=110, overall=110/7000 (1.6%), rate=0.315 drops/s, elapsed=00:05:49, remaining=06:04:13, finish_utc=2026-09-21T21:54:40+00:00, errors=[B-SSB:33, P2-SSB:29, P6-SSB:28, BC-SSB:26, CDD-SSB:19]
  SNR -2.5 dB, common drops=120, overall=120/7000 (1.7%), rate=0.315 drops/s, elapsed=00:06:21, remaining=06:04:15, finish_utc=2026-09-21T21:55:13+00:00, errors=[B-SSB:37, P2-SSB:34, P6-SSB:33, BC-SSB:28, CDD-SSB:22]
  SNR -2.5 dB, common drops=130, overall=130/7000 (1.9%), rate=0.316 drops/s, elapsed=00:06:51, remaining=06:02:12, finish_utc=2026-09-21T21:53:41+00:00, errors=[B-SSB:43, P2-SSB:38, P6-SSB:37, BC-SSB:33, CDD-SSB:24]
  SNR -2.5 dB, common drops=140, overall=140/7000 (2.0%), rate=0.317 drops/s, elapsed=00:07:21, remaining=06:00:15, finish_utc=2026-09-21T21:52:14+00:00, errors=[B-SSB:45, P2-SSB:40, P6-SSB:40, BC-SSB:35, CDD-SSB:25]
  SNR -2.5 dB, common drops=150, overall=150/7000 (2.1%), rate=0.318 drops/s, elapsed=00:07:52, remaining=05:59:09, finish_utc=2026-09-21T21:51:38+00:00, errors=[B-SSB:51, P2-SSB:45, P6-SSB:45, BC-SSB:39, CDD-SSB:28]
  SNR -2.5 dB, common drops=160, overall=160/7000 (2.3%), rate=0.316 drops/s, elapsed=00:08:26, remaining=06:00:12, finish_utc=2026-09-21T21:53:15+00:00, errors=[B-SSB:56, P2-SSB:49, P6-SSB:49, BC-SSB:42, CDD-SSB:29]
  SNR -2.5 dB, common drops=170, overall=170/7000 (2.4%), rate=0.316 drops/s, elapsed=00:08:57, remaining=05:59:50, finish_utc=2026-09-21T21:53:25+00:00, errors=[B-SSB:59, P2-SSB:50, P6-SSB:51, BC-SSB:45, CDD-SSB:31]
  SNR -2.5 dB, common drops=180, overall=180/7000 (2.6%), rate=0.317 drops/s, elapsed=00:09:28, remaining=05:58:27, finish_utc=2026-09-21T21:52:32+00:00, errors=[B-SSB:62, P2-SSB:53, P6-SSB:54, BC-SSB:48, CDD-SSB:34]
  SNR -2.5 dB, common drops=190, overall=190/7000 (2.7%), rate=0.317 drops/s, elapsed=00:09:59, remaining=05:57:46, finish_utc=2026-09-21T21:52:22+00:00, errors=[B-SSB:67, P2-SSB:56, P6-SSB:58, BC-SSB:53, CDD-SSB:39]
  SNR -2.5 dB, common drops=200, overall=200/7000 (2.9%), rate=0.315 drops/s, elapsed=00:10:35, remaining=05:59:37, finish_utc=2026-09-21T21:54:49+00:00, errors=[B-SSB:71, P2-SSB:59, P6-SSB:61, BC-SSB:55, CDD-SSB:41]
  SNR -2.5 dB, common drops=210, overall=210/7000 (3.0%), rate=0.315 drops/s, elapsed=00:11:07, remaining=05:59:17, finish_utc=2026-09-21T21:55:01+00:00, errors=[B-SSB:76, P2-SSB:64, P6-SSB:66, BC-SSB:58, CDD-SSB:44]
  SNR -2.5 dB, common drops=220, overall=220/7000 (3.1%), rate=0.316 drops/s, elapsed=00:11:37, remaining=05:57:51, finish_utc=2026-09-21T21:54:05+00:00, errors=[B-SSB:80, P2-SSB:68, P6-SSB:70, BC-SSB:61, CDD-SSB:47]
  SNR -2.5 dB, common drops=230, overall=230/7000 (3.3%), rate=0.317 drops/s, elapsed=00:12:06, remaining=05:56:20, finish_utc=2026-09-21T21:53:04+00:00, errors=[B-SSB:81, P2-SSB:68, P6-SSB:71, BC-SSB:62, CDD-SSB:48]
  SNR -2.5 dB, common drops=240, overall=240/7000 (3.4%), rate=0.317 drops/s, elapsed=00:12:37, remaining=05:55:20, finish_utc=2026-09-21T21:52:34+00:00, errors=[B-SSB:85, P2-SSB:72, P6-SSB:75, BC-SSB:66, CDD-SSB:50]
  SNR -2.5 dB, common drops=250, overall=250/7000 (3.6%), rate=0.316 drops/s, elapsed=00:13:10, remaining=05:55:43, finish_utc=2026-09-21T21:53:31+00:00, errors=[B-SSB:90, P2-SSB:77, P6-SSB:80, BC-SSB:69, CDD-SSB:53]
  SNR -2.5 dB, common drops=260, overall=260/7000 (3.7%), rate=0.316 drops/s, elapsed=00:13:42, remaining=05:55:19, finish_utc=2026-09-21T21:53:39+00:00, errors=[B-SSB:95, P2-SSB:80, P6-SSB:83, BC-SSB:73, CDD-SSB:55]
  SNR -2.5 dB, common drops=270, overall=270/7000 (3.9%), rate=0.317 drops/s, elapsed=00:14:12, remaining=05:54:04, finish_utc=2026-09-21T21:52:53+00:00, errors=[B-SSB:98, P2-SSB:82, P6-SSB:86, BC-SSB:76, CDD-SSB:56]
  SNR -2.5 dB, common drops=280, overall=280/7000 (4.0%), rate=0.317 drops/s, elapsed=00:14:42, remaining=05:52:50, finish_utc=2026-09-21T21:52:09+00:00, errors=[B-SSB:104, P2-SSB:87, P6-SSB:90, BC-SSB:78, CDD-SSB:58]
  SNR -2.5 dB, common drops=290, overall=290/7000 (4.1%), rate=0.317 drops/s, elapsed=00:15:15, remaining=05:52:41, finish_utc=2026-09-21T21:52:33+00:00, errors=[B-SSB:108, P2-SSB:90, P6-SSB:93, BC-SSB:82, CDD-SSB:60]
  SNR -2.5 dB, common drops=300, overall=300/7000 (4.3%), rate=0.316 drops/s, elapsed=00:15:48, remaining=05:53:02, finish_utc=2026-09-21T21:53:28+00:00, errors=[B-SSB:112, P2-SSB:93, P6-SSB:96, BC-SSB:85, CDD-SSB:62]
  SNR -2.5 dB, common drops=310, overall=310/7000 (4.4%), rate=0.317 drops/s, elapsed=00:16:19, remaining=05:52:01, finish_utc=2026-09-21T21:52:57+00:00, errors=[B-SSB:118, P2-SSB:98, P6-SSB:101, BC-SSB:89, CDD-SSB:65]
  SNR -2.5 dB, common drops=320, overall=320/7000 (4.6%), rate=0.317 drops/s, elapsed=00:16:48, remaining=05:50:50, finish_utc=2026-09-21T21:52:16+00:00, errors=[B-SSB:123, P2-SSB:100, P6-SSB:103, BC-SSB:92, CDD-SSB:66]
  SNR -2.5 dB, common drops=330, overall=330/7000 (4.7%), rate=0.318 drops/s, elapsed=00:17:18, remaining=05:49:46, finish_utc=2026-09-21T21:51:42+00:00, errors=[B-SSB:127, P2-SSB:103, P6-SSB:106, BC-SSB:94, CDD-SSB:68]
  SNR -2.5 dB, common drops=340, overall=340/7000 (4.9%), rate=0.318 drops/s, elapsed=00:17:50, remaining=05:49:13, finish_utc=2026-09-21T21:51:40+00:00, errors=[B-SSB:133, P2-SSB:108, P6-SSB:111, BC-SSB:99, CDD-SSB:72]
  SNR -2.5 dB, common drops=350, overall=350/7000 (5.0%), rate=0.317 drops/s, elapsed=00:18:24, remaining=05:49:29, finish_utc=2026-09-21T21:52:31+00:00, errors=[B-SSB:135, P2-SSB:109, P6-SSB:112, BC-SSB:101, CDD-SSB:73]
  SNR -2.5 dB, common drops=360, overall=360/7000 (5.1%), rate=0.317 drops/s, elapsed=00:18:56, remaining=05:49:10, finish_utc=2026-09-21T21:52:43+00:00, errors=[B-SSB:137, P2-SSB:112, P6-SSB:115, BC-SSB:103, CDD-SSB:75]
  SNR -2.5 dB, common drops=370, overall=370/7000 (5.3%), rate=0.317 drops/s, elapsed=00:19:26, remaining=05:48:05, finish_utc=2026-09-21T21:52:08+00:00, errors=[B-SSB:139, P2-SSB:115, P6-SSB:117, BC-SSB:106, CDD-SSB:77]
  SNR -2.5 dB, common drops=380, overall=380/7000 (5.4%), rate=0.318 drops/s, elapsed=00:19:55, remaining=05:47:02, finish_utc=2026-09-21T21:51:35+00:00, errors=[B-SSB:140, P2-SSB:116, P6-SSB:119, BC-SSB:107, CDD-SSB:78]
  SNR -2.5 dB, common drops=390, overall=390/7000 (5.6%), rate=0.318 drops/s, elapsed=00:20:25, remaining=05:46:07, finish_utc=2026-09-21T21:51:10+00:00, errors=[B-SSB:143, P2-SSB:118, P6-SSB:122, BC-SSB:109, CDD-SSB:79]
  SNR -2.5 dB, common drops=400, overall=400/7000 (5.7%), rate=0.318 drops/s, elapsed=00:20:59, remaining=05:46:12, finish_utc=2026-09-21T21:51:49+00:00, errors=[B-SSB:148, P2-SSB:122, P6-SSB:126, BC-SSB:112, CDD-SSB:81]
  SNR -2.5 dB, common drops=410, overall=410/7000 (5.9%), rate=0.318 drops/s, elapsed=00:21:31, remaining=05:45:56, finish_utc=2026-09-21T21:52:05+00:00, errors=[B-SSB:153, P2-SSB:126, P6-SSB:130, BC-SSB:115, CDD-SSB:83]
  SNR -2.5 dB, common drops=420, overall=420/7000 (6.0%), rate=0.318 drops/s, elapsed=00:22:01, remaining=05:45:03, finish_utc=2026-09-21T21:51:42+00:00, errors=[B-SSB:158, P2-SSB:128, P6-SSB:132, BC-SSB:118, CDD-SSB:85]
  SNR -2.5 dB, common drops=430, overall=430/7000 (6.1%), rate=0.318 drops/s, elapsed=00:22:31, remaining=05:44:07, finish_utc=2026-09-21T21:51:16+00:00, errors=[B-SSB:161, P2-SSB:131, P6-SSB:135, BC-SSB:120, CDD-SSB:85]
  SNR -2.5 dB, common drops=440, overall=440/7000 (6.3%), rate=0.319 drops/s, elapsed=00:23:01, remaining=05:43:11, finish_utc=2026-09-21T21:50:49+00:00, errors=[B-SSB:163, P2-SSB:133, P6-SSB:137, BC-SSB:121, CDD-SSB:86]
  SNR -2.5 dB, common drops=450, overall=450/7000 (6.4%), rate=0.319 drops/s, elapsed=00:23:31, remaining=05:42:24, finish_utc=2026-09-21T21:50:33+00:00, errors=[B-SSB:169, P2-SSB:137, P6-SSB:141, BC-SSB:127, CDD-SSB:89]
  SNR -2.5 dB, common drops=460, overall=460/7000 (6.6%), rate=0.318 drops/s, elapsed=00:24:06, remaining=05:42:34, finish_utc=2026-09-21T21:51:17+00:00, errors=[B-SSB:173, P2-SSB:140, P6-SSB:144, BC-SSB:130, CDD-SSB:92]
  SNR -2.5 dB, common drops=470, overall=470/7000 (6.7%), rate=0.318 drops/s, elapsed=00:24:38, remaining=05:42:12, finish_utc=2026-09-21T21:51:27+00:00, errors=[B-SSB:178, P2-SSB:143, P6-SSB:148, BC-SSB:134, CDD-SSB:94]
  SNR -2.5 dB, common drops=480, overall=480/7000 (6.9%), rate=0.318 drops/s, elapsed=00:25:08, remaining=05:41:19, finish_utc=2026-09-21T21:51:04+00:00, errors=[B-SSB:184, P2-SSB:148, P6-SSB:153, BC-SSB:139, CDD-SSB:97]
  SNR -2.5 dB, common drops=490, overall=490/7000 (7.0%), rate=0.319 drops/s, elapsed=00:25:38, remaining=05:40:33, finish_utc=2026-09-21T21:50:48+00:00, errors=[B-SSB:191, P2-SSB:154, P6-SSB:158, BC-SSB:143, CDD-SSB:98]
  SNR -2.5 dB, common drops=500, overall=500/7000 (7.1%), rate=0.319 drops/s, elapsed=00:26:08, remaining=05:39:41, finish_utc=2026-09-21T21:50:26+00:00, errors=[B-SSB:196, P2-SSB:158, P6-SSB:162, BC-SSB:147, CDD-SSB:102]
  SNR -2.5 dB, common drops=510, overall=510/7000 (7.3%), rate=0.319 drops/s, elapsed=00:26:38, remaining=05:38:52, finish_utc=2026-09-21T21:50:07+00:00, errors=[B-SSB:199, P2-SSB:161, P6-SSB:165, BC-SSB:149, CDD-SSB:103]
  SNR -2.5 dB, common drops=520, overall=520/7000 (7.4%), rate=0.319 drops/s, elapsed=00:27:12, remaining=05:38:52, finish_utc=2026-09-21T21:50:41+00:00, errors=[B-SSB:207, P2-SSB:165, P6-SSB:169, BC-SSB:153, CDD-SSB:104]
  SNR -2.5 dB, common drops=530, overall=530/7000 (7.6%), rate=0.319 drops/s, elapsed=00:27:44, remaining=05:38:28, finish_utc=2026-09-21T21:50:49+00:00, errors=[B-SSB:211, P2-SSB:170, P6-SSB:174, BC-SSB:157, CDD-SSB:105]
  SNR -2.5 dB, common drops=540, overall=540/7000 (7.7%), rate=0.319 drops/s, elapsed=00:28:13, remaining=05:37:39, finish_utc=2026-09-21T21:50:29+00:00, errors=[B-SSB:215, P2-SSB:174, P6-SSB:179, BC-SSB:159, CDD-SSB:108]
  SNR -2.5 dB, common drops=550, overall=550/7000 (7.9%), rate=0.319 drops/s, elapsed=00:28:43, remaining=05:36:47, finish_utc=2026-09-21T21:50:08+00:00, errors=[B-SSB:221, P2-SSB:179, P6-SSB:185, BC-SSB:161, CDD-SSB:110]
  SNR -2.5 dB, common drops=560, overall=560/7000 (8.0%), rate=0.319 drops/s, elapsed=00:29:13, remaining=05:35:58, finish_utc=2026-09-21T21:49:48+00:00, errors=[B-SSB:223, P2-SSB:180, P6-SSB:186, BC-SSB:163, CDD-SSB:111]
  SNR -2.5 dB, common drops=570, overall=570/7000 (8.1%), rate=0.320 drops/s, elapsed=00:29:43, remaining=05:35:10, finish_utc=2026-09-21T21:49:30+00:00, errors=[B-SSB:227, P2-SSB:184, P6-SSB:189, BC-SSB:165, CDD-SSB:113]
  SNR -2.5 dB, common drops=580, overall=580/7000 (8.3%), rate=0.319 drops/s, elapsed=00:30:16, remaining=05:35:05, finish_utc=2026-09-21T21:49:59+00:00, errors=[B-SSB:234, P2-SSB:189, P6-SSB:194, BC-SSB:171, CDD-SSB:116]
  SNR -2.5 dB, common drops=590, overall=590/7000 (8.4%), rate=0.319 drops/s, elapsed=00:30:51, remaining=05:35:09, finish_utc=2026-09-21T21:50:37+00:00, errors=[B-SSB:237, P2-SSB:192, P6-SSB:197, BC-SSB:174, CDD-SSB:117]
  SNR -2.5 dB, common drops=600, overall=600/7000 (8.6%), rate=0.319 drops/s, elapsed=00:31:22, remaining=05:34:33, finish_utc=2026-09-21T21:50:32+00:00, errors=[B-SSB:241, P2-SSB:194, P6-SSB:199, BC-SSB:178, CDD-SSB:119]
  SNR -2.5 dB, common drops=610, overall=610/7000 (8.7%), rate=0.319 drops/s, elapsed=00:31:52, remaining=05:33:45, finish_utc=2026-09-21T21:50:14+00:00, errors=[B-SSB:242, P2-SSB:196, P6-SSB:201, BC-SSB:179, CDD-SSB:120]
  SNR -2.5 dB, common drops=620, overall=620/7000 (8.9%), rate=0.319 drops/s, elapsed=00:32:22, remaining=05:33:00, finish_utc=2026-09-21T21:49:59+00:00, errors=[B-SSB:246, P2-SSB:200, P6-SSB:205, BC-SSB:181, CDD-SSB:122]
  SNR -2.5 dB, common drops=630, overall=630/7000 (9.0%), rate=0.319 drops/s, elapsed=00:32:53, remaining=05:32:29, finish_utc=2026-09-21T21:50:00+00:00, errors=[B-SSB:252, P2-SSB:204, P6-SSB:209, BC-SSB:187, CDD-SSB:126]
  SNR -2.5 dB, common drops=640, overall=640/7000 (9.1%), rate=0.319 drops/s, elapsed=00:33:28, remaining=05:32:33, finish_utc=2026-09-21T21:50:38+00:00, errors=[B-SSB:257, P2-SSB:209, P6-SSB:214, BC-SSB:190, CDD-SSB:128]
  SNR -2.5 dB, common drops=650, overall=650/7000 (9.3%), rate=0.319 drops/s, elapsed=00:34:01, remaining=05:32:15, finish_utc=2026-09-21T21:50:53+00:00, errors=[B-SSB:261, P2-SSB:212, P6-SSB:217, BC-SSB:191, CDD-SSB:129]
  SNR -2.5 dB, common drops=660, overall=660/7000 (9.4%), rate=0.319 drops/s, elapsed=00:34:31, remaining=05:31:33, finish_utc=2026-09-21T21:50:41+00:00, errors=[B-SSB:266, P2-SSB:216, P6-SSB:221, BC-SSB:195, CDD-SSB:133]
  SNR -2.5 dB, common drops=670, overall=670/7000 (9.6%), rate=0.319 drops/s, elapsed=00:35:01, remaining=05:30:50, finish_utc=2026-09-21T21:50:29+00:00, errors=[B-SSB:272, P2-SSB:221, P6-SSB:226, BC-SSB:200, CDD-SSB:138]
  SNR -2.5 dB, common drops=680, overall=680/7000 (9.7%), rate=0.319 drops/s, elapsed=00:35:33, remaining=05:30:25, finish_utc=2026-09-21T21:50:36+00:00, errors=[B-SSB:278, P2-SSB:225, P6-SSB:230, BC-SSB:204, CDD-SSB:139]
  SNR -2.5 dB, common drops=690, overall=690/7000 (9.9%), rate=0.318 drops/s, elapsed=00:36:08, remaining=05:30:28, finish_utc=2026-09-21T21:51:14+00:00, errors=[B-SSB:282, P2-SSB:228, P6-SSB:232, BC-SSB:207, CDD-SSB:142]
  SNR -2.5 dB, common drops=700, overall=700/7000 (10.0%), rate=0.318 drops/s, elapsed=00:36:40, remaining=05:30:01, finish_utc=2026-09-21T21:51:19+00:00, errors=[B-SSB:288, P2-SSB:231, P6-SSB:235, BC-SSB:211, CDD-SSB:143]
  SNR -2.5 dB, common drops=710, overall=710/7000 (10.1%), rate=0.318 drops/s, elapsed=00:37:10, remaining=05:29:17, finish_utc=2026-09-21T21:51:05+00:00, errors=[B-SSB:290, P2-SSB:234, P6-SSB:238, BC-SSB:213, CDD-SSB:144]
  SNR -2.5 dB, common drops=720, overall=720/7000 (10.3%), rate=0.319 drops/s, elapsed=00:37:40, remaining=05:28:31, finish_utc=2026-09-21T21:50:48+00:00, errors=[B-SSB:296, P2-SSB:241, P6-SSB:245, BC-SSB:217, CDD-SSB:147]
  SNR -2.5 dB, common drops=730, overall=730/7000 (10.4%), rate=0.319 drops/s, elapsed=00:38:10, remaining=05:27:47, finish_utc=2026-09-21T21:50:34+00:00, errors=[B-SSB:298, P2-SSB:243, P6-SSB:247, BC-SSB:218, CDD-SSB:149]
  SNR -2.5 dB, common drops=740, overall=740/7000 (10.6%), rate=0.319 drops/s, elapsed=00:38:40, remaining=05:27:03, finish_utc=2026-09-21T21:50:20+00:00, errors=[B-SSB:303, P2-SSB:247, P6-SSB:250, BC-SSB:222, CDD-SSB:151]
  SNR -2.5 dB, common drops=750, overall=750/7000 (10.7%), rate=0.319 drops/s, elapsed=00:39:12, remaining=05:26:40, finish_utc=2026-09-21T21:50:30+00:00, errors=[B-SSB:308, P2-SSB:251, P6-SSB:254, BC-SSB:225, CDD-SSB:152]
  SNR -2.5 dB, common drops=760, overall=760/7000 (10.9%), rate=0.319 drops/s, elapsed=00:39:45, remaining=05:26:22, finish_utc=2026-09-21T21:50:44+00:00, errors=[B-SSB:309, P2-SSB:252, P6-SSB:257, BC-SSB:227, CDD-SSB:153]
  SNR -2.5 dB, common drops=770, overall=770/7000 (11.0%), rate=0.319 drops/s, elapsed=00:40:15, remaining=05:25:39, finish_utc=2026-09-21T21:50:32+00:00, errors=[B-SSB:314, P2-SSB:256, P6-SSB:261, BC-SSB:232, CDD-SSB:156]
  SNR -2.5 dB, common drops=780, overall=780/7000 (11.1%), rate=0.319 drops/s, elapsed=00:40:45, remaining=05:24:55, finish_utc=2026-09-21T21:50:18+00:00, errors=[B-SSB:316, P2-SSB:259, P6-SSB:264, BC-SSB:234, CDD-SSB:156]
  SNR -2.5 dB, common drops=790, overall=790/7000 (11.3%), rate=0.319 drops/s, elapsed=00:41:15, remaining=05:24:12, finish_utc=2026-09-21T21:50:04+00:00, errors=[B-SSB:321, P2-SSB:263, P6-SSB:268, BC-SSB:239, CDD-SSB:160]
  SNR -2.5 dB, common drops=800, overall=800/7000 (11.4%), rate=0.319 drops/s, elapsed=00:41:47, remaining=05:23:50, finish_utc=2026-09-21T21:50:14+00:00, errors=[B-SSB:326, P2-SSB:268, P6-SSB:273, BC-SSB:244, CDD-SSB:164]
  SNR -2.5 dB, common drops=810, overall=810/7000 (11.6%), rate=0.319 drops/s, elapsed=00:42:20, remaining=05:23:31, finish_utc=2026-09-21T21:50:28+00:00, errors=[B-SSB:331, P2-SSB:272, P6-SSB:278, BC-SSB:249, CDD-SSB:166]
  SNR -2.5 dB, common drops=820, overall=820/7000 (11.7%), rate=0.319 drops/s, elapsed=00:42:50, remaining=05:22:48, finish_utc=2026-09-21T21:50:16+00:00, errors=[B-SSB:334, P2-SSB:275, P6-SSB:281, BC-SSB:253, CDD-SSB:167]
  SNR -2.5 dB, common drops=830, overall=830/7000 (11.9%), rate=0.319 drops/s, elapsed=00:43:20, remaining=05:22:04, finish_utc=2026-09-21T21:50:01+00:00, errors=[B-SSB:338, P2-SSB:278, P6-SSB:284, BC-SSB:257, CDD-SSB:170]
  SNR -2.5 dB, common drops=840, overall=840/7000 (12.0%), rate=0.319 drops/s, elapsed=00:43:49, remaining=05:21:20, finish_utc=2026-09-21T21:49:47+00:00, errors=[B-SSB:340, P2-SSB:279, P6-SSB:285, BC-SSB:258, CDD-SSB:172]
  SNR -2.5 dB, common drops=850, overall=850/7000 (12.1%), rate=0.320 drops/s, elapsed=00:44:19, remaining=05:20:40, finish_utc=2026-09-21T21:49:37+00:00, errors=[B-SSB:346, P2-SSB:285, P6-SSB:292, BC-SSB:264, CDD-SSB:176]
  SNR -2.5 dB, common drops=860, overall=860/7000 (12.3%), rate=0.319 drops/s, elapsed=00:44:53, remaining=05:20:30, finish_utc=2026-09-21T21:50:01+00:00, errors=[B-SSB:351, P2-SSB:289, P6-SSB:297, BC-SSB:269, CDD-SSB:180]
  SNR -2.5 dB, common drops=870, overall=870/7000 (12.4%), rate=0.319 drops/s, elapsed=00:45:26, remaining=05:20:08, finish_utc=2026-09-21T21:50:11+00:00, errors=[B-SSB:355, P2-SSB:291, P6-SSB:299, BC-SSB:272, CDD-SSB:182]
  SNR -2.5 dB, common drops=880, overall=880/7000 (12.6%), rate=0.319 drops/s, elapsed=00:45:56, remaining=05:19:27, finish_utc=2026-09-21T21:50:00+00:00, errors=[B-SSB:359, P2-SSB:295, P6-SSB:303, BC-SSB:275, CDD-SSB:186]
  SNR -2.5 dB, common drops=890, overall=890/7000 (12.7%), rate=0.319 drops/s, elapsed=00:46:26, remaining=05:18:46, finish_utc=2026-09-21T21:49:49+00:00, errors=[B-SSB:363, P2-SSB:298, P6-SSB:306, BC-SSB:277, CDD-SSB:187]
  SNR -2.5 dB, common drops=900, overall=900/7000 (12.9%), rate=0.320 drops/s, elapsed=00:46:56, remaining=05:18:06, finish_utc=2026-09-21T21:49:39+00:00, errors=[B-SSB:367, P2-SSB:302, P6-SSB:311, BC-SSB:280, CDD-SSB:189]
  SNR -2.5 dB, common drops=910, overall=910/7000 (13.0%), rate=0.320 drops/s, elapsed=00:47:27, remaining=05:17:34, finish_utc=2026-09-21T21:49:38+00:00, errors=[B-SSB:368, P2-SSB:304, P6-SSB:313, BC-SSB:281, CDD-SSB:190]
  SNR -2.5 dB, common drops=920, overall=920/7000 (13.1%), rate=0.319 drops/s, elapsed=00:48:01, remaining=05:17:17, finish_utc=2026-09-21T21:49:55+00:00, errors=[B-SSB:372, P2-SSB:308, P6-SSB:317, BC-SSB:285, CDD-SSB:192]
  SNR -2.5 dB, common drops=930, overall=930/7000 (13.3%), rate=0.319 drops/s, elapsed=00:48:31, remaining=05:16:39, finish_utc=2026-09-21T21:49:48+00:00, errors=[B-SSB:378, P2-SSB:314, P6-SSB:323, BC-SSB:290, CDD-SSB:194]
  SNR -2.5 dB, common drops=940, overall=940/7000 (13.4%), rate=0.320 drops/s, elapsed=00:49:01, remaining=05:15:58, finish_utc=2026-09-21T21:49:36+00:00, errors=[B-SSB:383, P2-SSB:318, P6-SSB:327, BC-SSB:294, CDD-SSB:195]
  SNR -2.5 dB, common drops=950, overall=950/7000 (13.6%), rate=0.320 drops/s, elapsed=00:49:30, remaining=05:15:16, finish_utc=2026-09-21T21:49:23+00:00, errors=[B-SSB:385, P2-SSB:319, P6-SSB:328, BC-SSB:296, CDD-SSB:197]
  SNR -2.5 dB, common drops=960, overall=960/7000 (13.7%), rate=0.320 drops/s, elapsed=00:50:00, remaining=05:14:35, finish_utc=2026-09-21T21:49:12+00:00, errors=[B-SSB:391, P2-SSB:323, P6-SSB:332, BC-SSB:300, CDD-SSB:199]
  SNR -2.5 dB, common drops=970, overall=970/7000 (13.9%), rate=0.320 drops/s, elapsed=00:50:34, remaining=05:14:22, finish_utc=2026-09-21T21:49:34+00:00, errors=[B-SSB:392, P2-SSB:325, P6-SSB:334, BC-SSB:301, CDD-SSB:201]
  SNR -2.5 dB, common drops=980, overall=980/7000 (14.0%), rate=0.319 drops/s, elapsed=00:51:07, remaining=05:14:02, finish_utc=2026-09-21T21:49:47+00:00, errors=[B-SSB:396, P2-SSB:327, P6-SSB:335, BC-SSB:304, CDD-SSB:204]
  SNR -2.5 dB, common drops=990, overall=990/7000 (14.1%), rate=0.320 drops/s, elapsed=00:51:37, remaining=05:13:23, finish_utc=2026-09-21T21:49:37+00:00, errors=[B-SSB:401, P2-SSB:333, P6-SSB:341, BC-SSB:308, CDD-SSB:205]
  SNR -2.5 dB, common drops=1000, overall=1000/7000 (14.3%), rate=0.320 drops/s, elapsed=00:52:07, remaining=05:12:41, finish_utc=2026-09-21T21:49:26+00:00, errors=[B-SSB:406, P2-SSB:337, P6-SSB:345, BC-SSB:312, CDD-SSB:207]
SNR -2.5 dB complete: drops=1000
SNR -2 dB starting/resuming at 0 common drops
  SNR -2 dB, common drops=10, overall=1010/7000 (14.4%), rate=0.320 drops/s, elapsed=00:52:36, remaining=05:12:00, finish_utc=2026-09-21T21:49:14+00:00, errors=[B-SSB:2, P2-SSB:2, P6-SSB:2, BC-SSB:2, CDD-SSB:2]
  SNR -2 dB, common drops=20, overall=1020/7000 (14.6%), rate=0.320 drops/s, elapsed=00:53:08, remaining=05:11:32, finish_utc=2026-09-21T21:49:17+00:00, errors=[B-SSB:4, P2-SSB:5, P6-SSB:5, BC-SSB:2, CDD-SSB:3]
  SNR -2 dB, common drops=30, overall=1030/7000 (14.7%), rate=0.320 drops/s, elapsed=00:53:41, remaining=05:11:12, finish_utc=2026-09-21T21:49:31+00:00, errors=[B-SSB:6, P2-SSB:6, P6-SSB:6, BC-SSB:3, CDD-SSB:3]
  SNR -2 dB, common drops=40, overall=1040/7000 (14.9%), rate=0.320 drops/s, elapsed=00:54:12, remaining=05:10:36, finish_utc=2026-09-21T21:49:26+00:00, errors=[B-SSB:9, P2-SSB:8, P6-SSB:8, BC-SSB:5, CDD-SSB:4]
  SNR -2 dB, common drops=50, overall=1050/7000 (15.0%), rate=0.320 drops/s, elapsed=00:54:42, remaining=05:09:57, finish_utc=2026-09-21T21:49:16+00:00, errors=[B-SSB:10, P2-SSB:9, P6-SSB:9, BC-SSB:7, CDD-SSB:5]
  SNR -2 dB, common drops=60, overall=1060/7000 (15.1%), rate=0.320 drops/s, elapsed=00:55:12, remaining=05:09:18, finish_utc=2026-09-21T21:49:07+00:00, errors=[B-SSB:13, P2-SSB:12, P6-SSB:11, BC-SSB:11, CDD-SSB:7]
  SNR -2 dB, common drops=70, overall=1070/7000 (15.3%), rate=0.320 drops/s, elapsed=00:55:44, remaining=05:08:50, finish_utc=2026-09-21T21:49:11+00:00, errors=[B-SSB:16, P2-SSB:14, P6-SSB:13, BC-SSB:14, CDD-SSB:8]
  SNR -2 dB, common drops=80, overall=1080/7000 (15.4%), rate=0.320 drops/s, elapsed=00:56:17, remaining=05:08:30, finish_utc=2026-09-21T21:49:24+00:00, errors=[B-SSB:18, P2-SSB:17, P6-SSB:16, BC-SSB:15, CDD-SSB:8]
  SNR -2 dB, common drops=90, overall=1090/7000 (15.6%), rate=0.320 drops/s, elapsed=00:56:47, remaining=05:07:54, finish_utc=2026-09-21T21:49:19+00:00, errors=[B-SSB:21, P2-SSB:19, P6-SSB:18, BC-SSB:18, CDD-SSB:9]
  SNR -2 dB, common drops=100, overall=1100/7000 (15.7%), rate=0.320 drops/s, elapsed=00:57:17, remaining=05:07:15, finish_utc=2026-09-21T21:49:10+00:00, errors=[B-SSB:23, P2-SSB:20, P6-SSB:19, BC-SSB:19, CDD-SSB:10]
  SNR -2 dB, common drops=110, overall=1110/7000 (15.9%), rate=0.320 drops/s, elapsed=00:57:47, remaining=05:06:35, finish_utc=2026-09-21T21:48:59+00:00, errors=[B-SSB:25, P2-SSB:21, P6-SSB:20, BC-SSB:20, CDD-SSB:11]
  SNR -2 dB, common drops=120, overall=1120/7000 (16.0%), rate=0.320 drops/s, elapsed=00:58:16, remaining=05:05:57, finish_utc=2026-09-21T21:48:51+00:00, errors=[B-SSB:27, P2-SSB:25, P6-SSB:24, BC-SSB:22, CDD-SSB:11]
  SNR -2 dB, common drops=130, overall=1130/7000 (16.1%), rate=0.320 drops/s, elapsed=00:58:47, remaining=05:05:22, finish_utc=2026-09-21T21:48:47+00:00, errors=[B-SSB:33, P2-SSB:28, P6-SSB:27, BC-SSB:27, CDD-SSB:13]
  SNR -2 dB, common drops=140, overall=1140/7000 (16.3%), rate=0.320 drops/s, elapsed=00:59:21, remaining=05:05:04, finish_utc=2026-09-21T21:49:02+00:00, errors=[B-SSB:35, P2-SSB:29, P6-SSB:29, BC-SSB:28, CDD-SSB:14]
  SNR -2 dB, common drops=150, overall=1150/7000 (16.4%), rate=0.320 drops/s, elapsed=00:59:52, remaining=05:04:33, finish_utc=2026-09-21T21:49:03+00:00, errors=[B-SSB:40, P2-SSB:34, P6-SSB:34, BC-SSB:30, CDD-SSB:16]
  SNR -2 dB, common drops=160, overall=1160/7000 (16.6%), rate=0.320 drops/s, elapsed=01:00:22, remaining=05:03:55, finish_utc=2026-09-21T21:48:55+00:00, errors=[B-SSB:44, P2-SSB:38, P6-SSB:37, BC-SSB:32, CDD-SSB:16]
  SNR -2 dB, common drops=170, overall=1170/7000 (16.7%), rate=0.320 drops/s, elapsed=01:00:52, remaining=05:03:18, finish_utc=2026-09-21T21:48:47+00:00, errors=[B-SSB:47, P2-SSB:39, P6-SSB:38, BC-SSB:33, CDD-SSB:17]
  SNR -2 dB, common drops=180, overall=1180/7000 (16.9%), rate=0.320 drops/s, elapsed=01:01:22, remaining=05:02:40, finish_utc=2026-09-21T21:48:39+00:00, errors=[B-SSB:51, P2-SSB:42, P6-SSB:41, BC-SSB:36, CDD-SSB:18]
  SNR -2 dB, common drops=190, overall=1190/7000 (17.0%), rate=0.320 drops/s, elapsed=01:01:54, remaining=05:02:14, finish_utc=2026-09-21T21:48:46+00:00, errors=[B-SSB:55, P2-SSB:44, P6-SSB:43, BC-SSB:41, CDD-SSB:22]
  SNR -2 dB, common drops=200, overall=1200/7000 (17.1%), rate=0.320 drops/s, elapsed=01:02:27, remaining=05:01:50, finish_utc=2026-09-21T21:48:54+00:00, errors=[B-SSB:57, P2-SSB:47, P6-SSB:45, BC-SSB:42, CDD-SSB:23]
  SNR -2 dB, common drops=210, overall=1210/7000 (17.3%), rate=0.320 drops/s, elapsed=01:02:57, remaining=05:01:12, finish_utc=2026-09-21T21:48:46+00:00, errors=[B-SSB:61, P2-SSB:52, P6-SSB:49, BC-SSB:44, CDD-SSB:26]
  SNR -2 dB, common drops=220, overall=1220/7000 (17.4%), rate=0.320 drops/s, elapsed=01:03:27, remaining=05:00:34, finish_utc=2026-09-21T21:48:38+00:00, errors=[B-SSB:64, P2-SSB:54, P6-SSB:52, BC-SSB:46, CDD-SSB:29]
  SNR -2 dB, common drops=230, overall=1230/7000 (17.6%), rate=0.321 drops/s, elapsed=01:03:57, remaining=04:59:58, finish_utc=2026-09-21T21:48:32+00:00, errors=[B-SSB:65, P2-SSB:54, P6-SSB:52, BC-SSB:46, CDD-SSB:29]
  SNR -2 dB, common drops=240, overall=1240/7000 (17.7%), rate=0.321 drops/s, elapsed=01:04:27, remaining=04:59:21, finish_utc=2026-09-21T21:48:25+00:00, errors=[B-SSB:69, P2-SSB:58, P6-SSB:56, BC-SSB:48, CDD-SSB:30]
  SNR -2 dB, common drops=250, overall=1250/7000 (17.9%), rate=0.321 drops/s, elapsed=01:04:59, remaining=04:58:56, finish_utc=2026-09-21T21:48:33+00:00, errors=[B-SSB:74, P2-SSB:62, P6-SSB:60, BC-SSB:51, CDD-SSB:31]
  SNR -2 dB, common drops=260, overall=1260/7000 (18.0%), rate=0.320 drops/s, elapsed=01:05:34, remaining=04:58:41, finish_utc=2026-09-21T21:48:53+00:00, errors=[B-SSB:78, P2-SSB:65, P6-SSB:63, BC-SSB:53, CDD-SSB:32]
  SNR -2 dB, common drops=270, overall=1270/7000 (18.1%), rate=0.320 drops/s, elapsed=01:06:05, remaining=04:58:09, finish_utc=2026-09-21T21:48:51+00:00, errors=[B-SSB:81, P2-SSB:67, P6-SSB:65, BC-SSB:56, CDD-SSB:32]
  SNR -2 dB, common drops=280, overall=1280/7000 (18.3%), rate=0.320 drops/s, elapsed=01:06:35, remaining=04:57:31, finish_utc=2026-09-21T21:48:43+00:00, errors=[B-SSB:85, P2-SSB:70, P6-SSB:68, BC-SSB:58, CDD-SSB:34]
  SNR -2 dB, common drops=290, overall=1290/7000 (18.4%), rate=0.321 drops/s, elapsed=01:07:04, remaining=04:56:53, finish_utc=2026-09-21T21:48:35+00:00, errors=[B-SSB:88, P2-SSB:73, P6-SSB:71, BC-SSB:59, CDD-SSB:36]
  SNR -2 dB, common drops=300, overall=1300/7000 (18.6%), rate=0.321 drops/s, elapsed=01:07:34, remaining=04:56:15, finish_utc=2026-09-21T21:48:26+00:00, errors=[B-SSB:91, P2-SSB:76, P6-SSB:74, BC-SSB:61, CDD-SSB:38]
  SNR -2 dB, common drops=310, overall=1310/7000 (18.7%), rate=0.321 drops/s, elapsed=01:08:05, remaining=04:55:45, finish_utc=2026-09-21T21:48:28+00:00, errors=[B-SSB:95, P2-SSB:80, P6-SSB:78, BC-SSB:65, CDD-SSB:41]
  SNR -2 dB, common drops=320, overall=1320/7000 (18.9%), rate=0.320 drops/s, elapsed=01:08:40, remaining=04:55:28, finish_utc=2026-09-21T21:48:46+00:00, errors=[B-SSB:98, P2-SSB:82, P6-SSB:80, BC-SSB:66, CDD-SSB:42]
  SNR -2 dB, common drops=330, overall=1330/7000 (19.0%), rate=0.320 drops/s, elapsed=01:09:12, remaining=04:55:00, finish_utc=2026-09-21T21:48:49+00:00, errors=[B-SSB:101, P2-SSB:84, P6-SSB:83, BC-SSB:67, CDD-SSB:44]
  SNR -2 dB, common drops=340, overall=1340/7000 (19.1%), rate=0.320 drops/s, elapsed=01:09:42, remaining=04:54:24, finish_utc=2026-09-21T21:48:43+00:00, errors=[B-SSB:106, P2-SSB:89, P6-SSB:88, BC-SSB:71, CDD-SSB:48]
  SNR -2 dB, common drops=350, overall=1350/7000 (19.3%), rate=0.321 drops/s, elapsed=01:10:11, remaining=04:53:45, finish_utc=2026-09-21T21:48:34+00:00, errors=[B-SSB:107, P2-SSB:90, P6-SSB:89, BC-SSB:72, CDD-SSB:49]
  SNR -2 dB, common drops=360, overall=1360/7000 (19.4%), rate=0.320 drops/s, elapsed=01:10:44, remaining=04:53:21, finish_utc=2026-09-21T21:48:43+00:00, errors=[B-SSB:109, P2-SSB:90, P6-SSB:89, BC-SSB:74, CDD-SSB:50]
  SNR -2 dB, common drops=370, overall=1370/7000 (19.6%), rate=0.320 drops/s, elapsed=01:11:18, remaining=04:52:59, finish_utc=2026-09-21T21:48:54+00:00, errors=[B-SSB:109, P2-SSB:92, P6-SSB:91, BC-SSB:75, CDD-SSB:51]
  SNR -2 dB, common drops=380, overall=1380/7000 (19.7%), rate=0.320 drops/s, elapsed=01:11:48, remaining=04:52:24, finish_utc=2026-09-21T21:48:50+00:00, errors=[B-SSB:110, P2-SSB:93, P6-SSB:92, BC-SSB:76, CDD-SSB:52]
  SNR -2 dB, common drops=390, overall=1390/7000 (19.9%), rate=0.320 drops/s, elapsed=01:12:18, remaining=04:51:48, finish_utc=2026-09-21T21:48:43+00:00, errors=[B-SSB:112, P2-SSB:94, P6-SSB:93, BC-SSB:78, CDD-SSB:53]
  SNR -2 dB, common drops=400, overall=1400/7000 (20.0%), rate=0.321 drops/s, elapsed=01:12:48, remaining=04:51:10, finish_utc=2026-09-21T21:48:36+00:00, errors=[B-SSB:115, P2-SSB:95, P6-SSB:94, BC-SSB:79, CDD-SSB:55]
  SNR -2 dB, common drops=410, overall=1410/7000 (20.1%), rate=0.321 drops/s, elapsed=01:13:18, remaining=04:50:36, finish_utc=2026-09-21T21:48:32+00:00, errors=[B-SSB:118, P2-SSB:98, P6-SSB:98, BC-SSB:81, CDD-SSB:55]
  SNR -2 dB, common drops=420, overall=1420/7000 (20.3%), rate=0.320 drops/s, elapsed=01:13:53, remaining=04:50:18, finish_utc=2026-09-21T21:48:48+00:00, errors=[B-SSB:121, P2-SSB:100, P6-SSB:100, BC-SSB:83, CDD-SSB:56]
  SNR -2 dB, common drops=430, overall=1430/7000 (20.4%), rate=0.320 drops/s, elapsed=01:14:24, remaining=04:49:47, finish_utc=2026-09-21T21:48:48+00:00, errors=[B-SSB:123, P2-SSB:103, P6-SSB:103, BC-SSB:84, CDD-SSB:56]
  SNR -2 dB, common drops=440, overall=1440/7000 (20.6%), rate=0.320 drops/s, elapsed=01:14:54, remaining=04:49:10, finish_utc=2026-09-21T21:48:41+00:00, errors=[B-SSB:124, P2-SSB:105, P6-SSB:104, BC-SSB:85, CDD-SSB:57]
  SNR -2 dB, common drops=450, overall=1450/7000 (20.7%), rate=0.321 drops/s, elapsed=01:15:23, remaining=04:48:33, finish_utc=2026-09-21T21:48:34+00:00, errors=[B-SSB:129, P2-SSB:107, P6-SSB:108, BC-SSB:88, CDD-SSB:60]
  SNR -2 dB, common drops=460, overall=1460/7000 (20.9%), rate=0.321 drops/s, elapsed=01:15:53, remaining=04:47:56, finish_utc=2026-09-21T21:48:27+00:00, errors=[B-SSB:133, P2-SSB:110, P6-SSB:111, BC-SSB:90, CDD-SSB:60]
  SNR -2 dB, common drops=470, overall=1470/7000 (21.0%), rate=0.321 drops/s, elapsed=01:16:26, remaining=04:47:33, finish_utc=2026-09-21T21:48:37+00:00, errors=[B-SSB:136, P2-SSB:113, P6-SSB:114, BC-SSB:93, CDD-SSB:62]
  SNR -2 dB, common drops=480, overall=1480/7000 (21.1%), rate=0.320 drops/s, elapsed=01:16:59, remaining=04:47:07, finish_utc=2026-09-21T21:48:43+00:00, errors=[B-SSB:141, P2-SSB:118, P6-SSB:119, BC-SSB:97, CDD-SSB:64]
  SNR -2 dB, common drops=490, overall=1490/7000 (21.3%), rate=0.321 drops/s, elapsed=01:17:29, remaining=04:46:31, finish_utc=2026-09-21T21:48:37+00:00, errors=[B-SSB:145, P2-SSB:121, P6-SSB:122, BC-SSB:101, CDD-SSB:64]
  SNR -2 dB, common drops=500, overall=1500/7000 (21.4%), rate=0.321 drops/s, elapsed=01:17:58, remaining=04:45:54, finish_utc=2026-09-21T21:48:31+00:00, errors=[B-SSB:150, P2-SSB:124, P6-SSB:125, BC-SSB:105, CDD-SSB:66]
  SNR -2 dB, common drops=510, overall=1510/7000 (21.6%), rate=0.321 drops/s, elapsed=01:18:28, remaining=04:45:18, finish_utc=2026-09-21T21:48:24+00:00, errors=[B-SSB:153, P2-SSB:127, P6-SSB:128, BC-SSB:107, CDD-SSB:66]
  SNR -2 dB, common drops=520, overall=1520/7000 (21.7%), rate=0.321 drops/s, elapsed=01:18:59, remaining=04:44:47, finish_utc=2026-09-21T21:48:24+00:00, errors=[B-SSB:159, P2-SSB:131, P6-SSB:132, BC-SSB:111, CDD-SSB:67]
  SNR -2 dB, common drops=530, overall=1530/7000 (21.9%), rate=0.321 drops/s, elapsed=01:19:33, remaining=04:44:25, finish_utc=2026-09-21T21:48:35+00:00, errors=[B-SSB:163, P2-SSB:134, P6-SSB:134, BC-SSB:114, CDD-SSB:67]
  SNR -2 dB, common drops=540, overall=1540/7000 (22.0%), rate=0.321 drops/s, elapsed=01:20:04, remaining=04:43:54, finish_utc=2026-09-21T21:48:35+00:00, errors=[B-SSB:166, P2-SSB:136, P6-SSB:136, BC-SSB:115, CDD-SSB:68]
  SNR -2 dB, common drops=550, overall=1550/7000 (22.1%), rate=0.321 drops/s, elapsed=01:20:34, remaining=04:43:18, finish_utc=2026-09-21T21:48:30+00:00, errors=[B-SSB:171, P2-SSB:140, P6-SSB:140, BC-SSB:117, CDD-SSB:69]
  SNR -2 dB, common drops=560, overall=1560/7000 (22.3%), rate=0.321 drops/s, elapsed=01:21:04, remaining=04:42:41, finish_utc=2026-09-21T21:48:23+00:00, errors=[B-SSB:173, P2-SSB:140, P6-SSB:140, BC-SSB:119, CDD-SSB:70]
  SNR -2 dB, common drops=570, overall=1570/7000 (22.4%), rate=0.321 drops/s, elapsed=01:21:35, remaining=04:42:08, finish_utc=2026-09-21T21:48:21+00:00, errors=[B-SSB:176, P2-SSB:143, P6-SSB:143, BC-SSB:121, CDD-SSB:72]
  SNR -2 dB, common drops=580, overall=1580/7000 (22.6%), rate=0.321 drops/s, elapsed=01:22:08, remaining=04:41:45, finish_utc=2026-09-21T21:48:31+00:00, errors=[B-SSB:182, P2-SSB:148, P6-SSB:148, BC-SSB:127, CDD-SSB:75]
  SNR -2 dB, common drops=590, overall=1590/7000 (22.7%), rate=0.321 drops/s, elapsed=01:22:40, remaining=04:41:15, finish_utc=2026-09-21T21:48:32+00:00, errors=[B-SSB:185, P2-SSB:150, P6-SSB:150, BC-SSB:130, CDD-SSB:76]
  SNR -2 dB, common drops=600, overall=1600/7000 (22.9%), rate=0.321 drops/s, elapsed=01:23:09, remaining=04:40:38, finish_utc=2026-09-21T21:48:25+00:00, errors=[B-SSB:189, P2-SSB:152, P6-SSB:152, BC-SSB:134, CDD-SSB:76]
  SNR -2 dB, common drops=610, overall=1610/7000 (23.0%), rate=0.321 drops/s, elapsed=01:23:39, remaining=04:40:02, finish_utc=2026-09-21T21:48:19+00:00, errors=[B-SSB:190, P2-SSB:153, P6-SSB:153, BC-SSB:135, CDD-SSB:77]
  SNR -2 dB, common drops=620, overall=1620/7000 (23.1%), rate=0.321 drops/s, elapsed=01:24:09, remaining=04:39:27, finish_utc=2026-09-21T21:48:14+00:00, errors=[B-SSB:192, P2-SSB:156, P6-SSB:155, BC-SSB:137, CDD-SSB:79]
  SNR -2 dB, common drops=630, overall=1630/7000 (23.3%), rate=0.321 drops/s, elapsed=01:24:40, remaining=04:38:56, finish_utc=2026-09-21T21:48:14+00:00, errors=[B-SSB:196, P2-SSB:160, P6-SSB:159, BC-SSB:142, CDD-SSB:83]
  SNR -2 dB, common drops=640, overall=1640/7000 (23.4%), rate=0.321 drops/s, elapsed=01:25:14, remaining=04:38:34, finish_utc=2026-09-21T21:48:25+00:00, errors=[B-SSB:201, P2-SSB:163, P6-SSB:163, BC-SSB:144, CDD-SSB:85]
  SNR -2 dB, common drops=650, overall=1650/7000 (23.6%), rate=0.321 drops/s, elapsed=01:25:46, remaining=04:38:06, finish_utc=2026-09-21T21:48:30+00:00, errors=[B-SSB:204, P2-SSB:166, P6-SSB:166, BC-SSB:145, CDD-SSB:86]
  SNR -2 dB, common drops=660, overall=1660/7000 (23.7%), rate=0.321 drops/s, elapsed=01:26:16, remaining=04:37:30, finish_utc=2026-09-21T21:48:23+00:00, errors=[B-SSB:208, P2-SSB:169, P6-SSB:169, BC-SSB:149, CDD-SSB:88]
  SNR -2 dB, common drops=670, overall=1670/7000 (23.9%), rate=0.321 drops/s, elapsed=01:26:46, remaining=04:36:54, finish_utc=2026-09-21T21:48:17+00:00, errors=[B-SSB:213, P2-SSB:172, P6-SSB:174, BC-SSB:154, CDD-SSB:93]
  SNR -2 dB, common drops=680, overall=1680/7000 (24.0%), rate=0.321 drops/s, elapsed=01:27:15, remaining=04:36:18, finish_utc=2026-09-21T21:48:11+00:00, errors=[B-SSB:216, P2-SSB:176, P6-SSB:177, BC-SSB:157, CDD-SSB:94]
  SNR -2 dB, common drops=690, overall=1690/7000 (24.1%), rate=0.321 drops/s, elapsed=01:27:45, remaining=04:35:44, finish_utc=2026-09-21T21:48:06+00:00, errors=[B-SSB:217, P2-SSB:177, P6-SSB:178, BC-SSB:159, CDD-SSB:96]
  SNR -2 dB, common drops=700, overall=1700/7000 (24.3%), rate=0.321 drops/s, elapsed=01:28:17, remaining=04:35:13, finish_utc=2026-09-21T21:48:08+00:00, errors=[B-SSB:221, P2-SSB:180, P6-SSB:181, BC-SSB:162, CDD-SSB:97]
  SNR -2 dB, common drops=710, overall=1710/7000 (24.4%), rate=0.321 drops/s, elapsed=01:28:51, remaining=04:34:51, finish_utc=2026-09-21T21:48:19+00:00, errors=[B-SSB:223, P2-SSB:182, P6-SSB:183, BC-SSB:164, CDD-SSB:98]
  SNR -2 dB, common drops=720, overall=1720/7000 (24.6%), rate=0.321 drops/s, elapsed=01:29:21, remaining=04:34:17, finish_utc=2026-09-21T21:48:15+00:00, errors=[B-SSB:229, P2-SSB:186, P6-SSB:186, BC-SSB:167, CDD-SSB:100]
  SNR -2 dB, common drops=730, overall=1730/7000 (24.7%), rate=0.321 drops/s, elapsed=01:29:50, remaining=04:33:41, finish_utc=2026-09-21T21:48:09+00:00, errors=[B-SSB:231, P2-SSB:188, P6-SSB:187, BC-SSB:168, CDD-SSB:101]
  SNR -2 dB, common drops=740, overall=1740/7000 (24.9%), rate=0.321 drops/s, elapsed=01:30:20, remaining=04:33:06, finish_utc=2026-09-21T21:48:03+00:00, errors=[B-SSB:235, P2-SSB:191, P6-SSB:190, BC-SSB:171, CDD-SSB:103]
  SNR -2 dB, common drops=750, overall=1750/7000 (25.0%), rate=0.321 drops/s, elapsed=01:30:50, remaining=04:32:30, finish_utc=2026-09-21T21:47:58+00:00, errors=[B-SSB:239, P2-SSB:194, P6-SSB:193, BC-SSB:174, CDD-SSB:103]
  SNR -2 dB, common drops=760, overall=1760/7000 (25.1%), rate=0.321 drops/s, elapsed=01:31:24, remaining=04:32:06, finish_utc=2026-09-21T21:48:07+00:00, errors=[B-SSB:240, P2-SSB:196, P6-SSB:195, BC-SSB:176, CDD-SSB:104]
  SNR -2 dB, common drops=770, overall=1770/7000 (25.3%), rate=0.321 drops/s, elapsed=01:31:58, remaining=04:31:44, finish_utc=2026-09-21T21:48:20+00:00, errors=[B-SSB:243, P2-SSB:200, P6-SSB:199, BC-SSB:180, CDD-SSB:107]
  SNR -2 dB, common drops=780, overall=1780/7000 (25.4%), rate=0.321 drops/s, elapsed=01:32:29, remaining=04:31:14, finish_utc=2026-09-21T21:48:21+00:00, errors=[B-SSB:245, P2-SSB:202, P6-SSB:200, BC-SSB:181, CDD-SSB:107]
  SNR -2 dB, common drops=790, overall=1790/7000 (25.6%), rate=0.321 drops/s, elapsed=01:32:59, remaining=04:30:39, finish_utc=2026-09-21T21:48:15+00:00, errors=[B-SSB:250, P2-SSB:206, P6-SSB:204, BC-SSB:184, CDD-SSB:111]
  SNR -2 dB, common drops=800, overall=1800/7000 (25.7%), rate=0.321 drops/s, elapsed=01:33:29, remaining=04:30:03, finish_utc=2026-09-21T21:48:10+00:00, errors=[B-SSB:255, P2-SSB:211, P6-SSB:209, BC-SSB:189, CDD-SSB:115]
  SNR -2 dB, common drops=810, overall=1810/7000 (25.9%), rate=0.321 drops/s, elapsed=01:34:00, remaining=04:29:33, finish_utc=2026-09-21T21:48:11+00:00, errors=[B-SSB:259, P2-SSB:214, P6-SSB:212, BC-SSB:191, CDD-SSB:117]
  SNR -2 dB, common drops=820, overall=1820/7000 (26.0%), rate=0.321 drops/s, elapsed=01:34:34, remaining=04:29:10, finish_utc=2026-09-21T21:48:21+00:00, errors=[B-SSB:260, P2-SSB:217, P6-SSB:215, BC-SSB:192, CDD-SSB:118]
  SNR -2 dB, common drops=830, overall=1830/7000 (26.1%), rate=0.321 drops/s, elapsed=01:35:06, remaining=04:28:39, finish_utc=2026-09-21T21:48:22+00:00, errors=[B-SSB:264, P2-SSB:220, P6-SSB:218, BC-SSB:195, CDD-SSB:120]
  SNR -2 dB, common drops=840, overall=1840/7000 (26.3%), rate=0.321 drops/s, elapsed=01:35:35, remaining=04:28:04, finish_utc=2026-09-21T21:48:17+00:00, errors=[B-SSB:265, P2-SSB:220, P6-SSB:218, BC-SSB:196, CDD-SSB:120]
  SNR -2 dB, common drops=850, overall=1850/7000 (26.4%), rate=0.321 drops/s, elapsed=01:36:05, remaining=04:27:30, finish_utc=2026-09-21T21:48:12+00:00, errors=[B-SSB:268, P2-SSB:222, P6-SSB:220, BC-SSB:198, CDD-SSB:123]
  SNR -2 dB, common drops=860, overall=1860/7000 (26.6%), rate=0.321 drops/s, elapsed=01:36:35, remaining=04:26:55, finish_utc=2026-09-21T21:48:08+00:00, errors=[B-SSB:272, P2-SSB:226, P6-SSB:224, BC-SSB:201, CDD-SSB:126]
  SNR -2 dB, common drops=870, overall=1870/7000 (26.7%), rate=0.321 drops/s, elapsed=01:37:05, remaining=04:26:20, finish_utc=2026-09-21T21:48:02+00:00, errors=[B-SSB:276, P2-SSB:228, P6-SSB:226, BC-SSB:203, CDD-SSB:128]
  SNR -2 dB, common drops=880, overall=1880/7000 (26.9%), rate=0.321 drops/s, elapsed=01:37:37, remaining=04:25:52, finish_utc=2026-09-21T21:48:06+00:00, errors=[B-SSB:279, P2-SSB:232, P6-SSB:230, BC-SSB:206, CDD-SSB:132]
  SNR -2 dB, common drops=890, overall=1890/7000 (27.0%), rate=0.321 drops/s, elapsed=01:38:09, remaining=04:25:23, finish_utc=2026-09-21T21:48:09+00:00, errors=[B-SSB:282, P2-SSB:235, P6-SSB:233, BC-SSB:207, CDD-SSB:132]
  SNR -2 dB, common drops=900, overall=1900/7000 (27.1%), rate=0.321 drops/s, elapsed=01:38:39, remaining=04:24:48, finish_utc=2026-09-21T21:48:05+00:00, errors=[B-SSB:286, P2-SSB:238, P6-SSB:237, BC-SSB:210, CDD-SSB:133]
  SNR -2 dB, common drops=910, overall=1910/7000 (27.3%), rate=0.321 drops/s, elapsed=01:39:09, remaining=04:24:14, finish_utc=2026-09-21T21:48:00+00:00, errors=[B-SSB:287, P2-SSB:240, P6-SSB:239, BC-SSB:211, CDD-SSB:133]
  SNR -2 dB, common drops=920, overall=1920/7000 (27.4%), rate=0.321 drops/s, elapsed=01:39:39, remaining=04:23:39, finish_utc=2026-09-21T21:47:55+00:00, errors=[B-SSB:290, P2-SSB:242, P6-SSB:241, BC-SSB:215, CDD-SSB:135]
  SNR -2 dB, common drops=930, overall=1930/7000 (27.6%), rate=0.321 drops/s, elapsed=01:40:08, remaining=04:23:04, finish_utc=2026-09-21T21:47:50+00:00, errors=[B-SSB:296, P2-SSB:247, P6-SSB:246, BC-SSB:218, CDD-SSB:137]
  SNR -2 dB, common drops=940, overall=1940/7000 (27.7%), rate=0.321 drops/s, elapsed=01:40:42, remaining=04:22:38, finish_utc=2026-09-21T21:47:57+00:00, errors=[B-SSB:299, P2-SSB:251, P6-SSB:249, BC-SSB:221, CDD-SSB:138]
  SNR -2 dB, common drops=950, overall=1950/7000 (27.9%), rate=0.321 drops/s, elapsed=01:41:14, remaining=04:22:10, finish_utc=2026-09-21T21:48:01+00:00, errors=[B-SSB:300, P2-SSB:251, P6-SSB:249, BC-SSB:222, CDD-SSB:140]
  SNR -2 dB, common drops=960, overall=1960/7000 (28.0%), rate=0.321 drops/s, elapsed=01:41:44, remaining=04:21:36, finish_utc=2026-09-21T21:47:57+00:00, errors=[B-SSB:305, P2-SSB:254, P6-SSB:252, BC-SSB:225, CDD-SSB:141]
  SNR -2 dB, common drops=970, overall=1970/7000 (28.1%), rate=0.321 drops/s, elapsed=01:42:14, remaining=04:21:01, finish_utc=2026-09-21T21:47:52+00:00, errors=[B-SSB:306, P2-SSB:256, P6-SSB:254, BC-SSB:226, CDD-SSB:141]
  SNR -2 dB, common drops=980, overall=1980/7000 (28.3%), rate=0.321 drops/s, elapsed=01:42:43, remaining=04:20:26, finish_utc=2026-09-21T21:47:47+00:00, errors=[B-SSB:309, P2-SSB:257, P6-SSB:255, BC-SSB:229, CDD-SSB:143]
  SNR -2 dB, common drops=990, overall=1990/7000 (28.4%), rate=0.321 drops/s, elapsed=01:43:13, remaining=04:19:51, finish_utc=2026-09-21T21:47:42+00:00, errors=[B-SSB:313, P2-SSB:260, P6-SSB:258, BC-SSB:232, CDD-SSB:144]
  SNR -2 dB, common drops=1000, overall=2000/7000 (28.6%), rate=0.321 drops/s, elapsed=01:43:47, remaining=04:19:26, finish_utc=2026-09-21T21:47:50+00:00, errors=[B-SSB:318, P2-SSB:264, P6-SSB:261, BC-SSB:233, CDD-SSB:146]
SNR -2 dB complete: drops=1000
SNR -1.5 dB starting/resuming at 0 common drops
  SNR -1.5 dB, common drops=10, overall=2010/7000 (28.7%), rate=0.321 drops/s, elapsed=01:44:18, remaining=04:18:57, finish_utc=2026-09-21T21:47:53+00:00, errors=[B-SSB:2, P2-SSB:2, P6-SSB:2, BC-SSB:2, CDD-SSB:2]
  SNR -1.5 dB, common drops=20, overall=2020/7000 (28.9%), rate=0.321 drops/s, elapsed=01:44:48, remaining=04:18:23, finish_utc=2026-09-21T21:47:49+00:00, errors=[B-SSB:3, P2-SSB:5, P6-SSB:5, BC-SSB:2, CDD-SSB:2]
  SNR -1.5 dB, common drops=30, overall=2030/7000 (29.0%), rate=0.321 drops/s, elapsed=01:45:18, remaining=04:17:49, finish_utc=2026-09-21T21:47:45+00:00, errors=[B-SSB:4, P2-SSB:5, P6-SSB:6, BC-SSB:2, CDD-SSB:2]
  SNR -1.5 dB, common drops=40, overall=2040/7000 (29.1%), rate=0.321 drops/s, elapsed=01:45:48, remaining=04:17:15, finish_utc=2026-09-21T21:47:41+00:00, errors=[B-SSB:7, P2-SSB:7, P6-SSB:8, BC-SSB:3, CDD-SSB:3]
  SNR -1.5 dB, common drops=50, overall=2050/7000 (29.3%), rate=0.321 drops/s, elapsed=01:46:19, remaining=04:16:43, finish_utc=2026-09-21T21:47:40+00:00, errors=[B-SSB:8, P2-SSB:8, P6-SSB:9, BC-SSB:5, CDD-SSB:4]
  SNR -1.5 dB, common drops=60, overall=2060/7000 (29.4%), rate=0.321 drops/s, elapsed=01:46:53, remaining=04:16:18, finish_utc=2026-09-21T21:47:49+00:00, errors=[B-SSB:11, P2-SSB:8, P6-SSB:9, BC-SSB:8, CDD-SSB:5]
  SNR -1.5 dB, common drops=70, overall=2070/7000 (29.6%), rate=0.321 drops/s, elapsed=01:47:24, remaining=04:15:47, finish_utc=2026-09-21T21:47:49+00:00, errors=[B-SSB:14, P2-SSB:10, P6-SSB:11, BC-SSB:10, CDD-SSB:6]
  SNR -1.5 dB, common drops=80, overall=2080/7000 (29.7%), rate=0.321 drops/s, elapsed=01:47:54, remaining=04:15:13, finish_utc=2026-09-21T21:47:44+00:00, errors=[B-SSB:15, P2-SSB:12, P6-SSB:14, BC-SSB:10, CDD-SSB:6]
  SNR -1.5 dB, common drops=90, overall=2090/7000 (29.9%), rate=0.321 drops/s, elapsed=01:48:24, remaining=04:14:39, finish_utc=2026-09-21T21:47:40+00:00, errors=[B-SSB:18, P2-SSB:13, P6-SSB:15, BC-SSB:13, CDD-SSB:7]
  SNR -1.5 dB, common drops=100, overall=2100/7000 (30.0%), rate=0.321 drops/s, elapsed=01:48:53, remaining=04:14:05, finish_utc=2026-09-21T21:47:36+00:00, errors=[B-SSB:20, P2-SSB:14, P6-SSB:16, BC-SSB:13, CDD-SSB:8]
  SNR -1.5 dB, common drops=110, overall=2110/7000 (30.1%), rate=0.321 drops/s, elapsed=01:49:23, remaining=04:13:31, finish_utc=2026-09-21T21:47:32+00:00, errors=[B-SSB:22, P2-SSB:15, P6-SSB:18, BC-SSB:14, CDD-SSB:9]
  SNR -1.5 dB, common drops=120, overall=2120/7000 (30.3%), rate=0.321 drops/s, elapsed=01:49:58, remaining=04:13:07, finish_utc=2026-09-21T21:47:43+00:00, errors=[B-SSB:24, P2-SSB:16, P6-SSB:19, BC-SSB:15, CDD-SSB:9]
  SNR -1.5 dB, common drops=130, overall=2130/7000 (30.4%), rate=0.321 drops/s, elapsed=01:50:30, remaining=04:12:39, finish_utc=2026-09-21T21:47:47+00:00, errors=[B-SSB:29, P2-SSB:19, P6-SSB:21, BC-SSB:20, CDD-SSB:11]
  SNR -1.5 dB, common drops=140, overall=2140/7000 (30.6%), rate=0.321 drops/s, elapsed=01:51:00, remaining=04:12:05, finish_utc=2026-09-21T21:47:42+00:00, errors=[B-SSB:30, P2-SSB:19, P6-SSB:21, BC-SSB:20, CDD-SSB:11]
  SNR -1.5 dB, common drops=150, overall=2150/7000 (30.7%), rate=0.321 drops/s, elapsed=01:51:30, remaining=04:11:30, finish_utc=2026-09-21T21:47:37+00:00, errors=[B-SSB:34, P2-SSB:23, P6-SSB:25, BC-SSB:22, CDD-SSB:12]
  SNR -1.5 dB, common drops=160, overall=2160/7000 (30.9%), rate=0.321 drops/s, elapsed=01:51:59, remaining=04:10:56, finish_utc=2026-09-21T21:47:33+00:00, errors=[B-SSB:38, P2-SSB:25, P6-SSB:27, BC-SSB:24, CDD-SSB:12]
  SNR -1.5 dB, common drops=170, overall=2170/7000 (31.0%), rate=0.321 drops/s, elapsed=01:52:32, remaining=04:10:28, finish_utc=2026-09-21T21:47:38+00:00, errors=[B-SSB:41, P2-SSB:25, P6-SSB:28, BC-SSB:25, CDD-SSB:12]
  SNR -1.5 dB, common drops=180, overall=2180/7000 (31.1%), rate=0.321 drops/s, elapsed=01:53:04, remaining=04:10:00, finish_utc=2026-09-21T21:47:42+00:00, errors=[B-SSB:44, P2-SSB:28, P6-SSB:31, BC-SSB:26, CDD-SSB:13]
  SNR -1.5 dB, common drops=190, overall=2190/7000 (31.3%), rate=0.321 drops/s, elapsed=01:53:34, remaining=04:09:26, finish_utc=2026-09-21T21:47:38+00:00, errors=[B-SSB:48, P2-SSB:29, P6-SSB:32, BC-SSB:30, CDD-SSB:17]
  SNR -1.5 dB, common drops=200, overall=2200/7000 (31.4%), rate=0.321 drops/s, elapsed=01:54:04, remaining=04:08:53, finish_utc=2026-09-21T21:47:34+00:00, errors=[B-SSB:49, P2-SSB:30, P6-SSB:33, BC-SSB:31, CDD-SSB:18]
  SNR -1.5 dB, common drops=210, overall=2210/7000 (31.6%), rate=0.321 drops/s, elapsed=01:54:34, remaining=04:08:19, finish_utc=2026-09-21T21:47:30+00:00, errors=[B-SSB:50, P2-SSB:32, P6-SSB:35, BC-SSB:32, CDD-SSB:19]
  SNR -1.5 dB, common drops=220, overall=2220/7000 (31.7%), rate=0.322 drops/s, elapsed=01:55:04, remaining=04:07:45, finish_utc=2026-09-21T21:47:27+00:00, errors=[B-SSB:52, P2-SSB:34, P6-SSB:37, BC-SSB:34, CDD-SSB:22]
  SNR -1.5 dB, common drops=230, overall=2230/7000 (31.9%), rate=0.321 drops/s, elapsed=01:55:37, remaining=04:07:18, finish_utc=2026-09-21T21:47:33+00:00, errors=[B-SSB:52, P2-SSB:34, P6-SSB:37, BC-SSB:34, CDD-SSB:22]
  SNR -1.5 dB, common drops=240, overall=2240/7000 (32.0%), rate=0.321 drops/s, elapsed=01:56:10, remaining=04:06:52, finish_utc=2026-09-21T21:47:39+00:00, errors=[B-SSB:56, P2-SSB:37, P6-SSB:40, BC-SSB:36, CDD-SSB:23]
  SNR -1.5 dB, common drops=250, overall=2250/7000 (32.1%), rate=0.321 drops/s, elapsed=01:56:41, remaining=04:06:19, finish_utc=2026-09-21T21:47:37+00:00, errors=[B-SSB:59, P2-SSB:40, P6-SSB:42, BC-SSB:39, CDD-SSB:25]
  SNR -1.5 dB, common drops=260, overall=2260/7000 (32.3%), rate=0.321 drops/s, elapsed=01:57:10, remaining=04:05:45, finish_utc=2026-09-21T21:47:33+00:00, errors=[B-SSB:62, P2-SSB:43, P6-SSB:45, BC-SSB:41, CDD-SSB:26]
  SNR -1.5 dB, common drops=270, overall=2270/7000 (32.4%), rate=0.322 drops/s, elapsed=01:57:40, remaining=04:05:11, finish_utc=2026-09-21T21:47:29+00:00, errors=[B-SSB:65, P2-SSB:45, P6-SSB:47, BC-SSB:43, CDD-SSB:26]
  SNR -1.5 dB, common drops=280, overall=2280/7000 (32.6%), rate=0.322 drops/s, elapsed=01:58:10, remaining=04:04:37, finish_utc=2026-09-21T21:47:25+00:00, errors=[B-SSB:68, P2-SSB:48, P6-SSB:50, BC-SSB:45, CDD-SSB:27]
  SNR -1.5 dB, common drops=290, overall=2290/7000 (32.7%), rate=0.322 drops/s, elapsed=01:58:42, remaining=04:04:07, finish_utc=2026-09-21T21:47:26+00:00, errors=[B-SSB:71, P2-SSB:50, P6-SSB:52, BC-SSB:46, CDD-SSB:28]
  SNR -1.5 dB, common drops=300, overall=2300/7000 (32.9%), rate=0.321 drops/s, elapsed=01:59:15, remaining=04:03:41, finish_utc=2026-09-21T21:47:34+00:00, errors=[B-SSB:74, P2-SSB:52, P6-SSB:54, BC-SSB:48, CDD-SSB:30]
  SNR -1.5 dB, common drops=310, overall=2310/7000 (33.0%), rate=0.321 drops/s, elapsed=01:59:45, remaining=04:03:08, finish_utc=2026-09-21T21:47:31+00:00, errors=[B-SSB:78, P2-SSB:55, P6-SSB:57, BC-SSB:52, CDD-SSB:33]
  SNR -1.5 dB, common drops=320, overall=2320/7000 (33.1%), rate=0.322 drops/s, elapsed=02:00:15, remaining=04:02:34, finish_utc=2026-09-21T21:47:26+00:00, errors=[B-SSB:79, P2-SSB:56, P6-SSB:58, BC-SSB:53, CDD-SSB:34]
  SNR -1.5 dB, common drops=330, overall=2330/7000 (33.3%), rate=0.322 drops/s, elapsed=02:00:45, remaining=04:02:00, finish_utc=2026-09-21T21:47:22+00:00, errors=[B-SSB:81, P2-SSB:58, P6-SSB:59, BC-SSB:54, CDD-SSB:36]
  SNR -1.5 dB, common drops=340, overall=2340/7000 (33.4%), rate=0.322 drops/s, elapsed=02:01:14, remaining=04:01:26, finish_utc=2026-09-21T21:47:18+00:00, errors=[B-SSB:86, P2-SSB:62, P6-SSB:62, BC-SSB:56, CDD-SSB:39]
  SNR -1.5 dB, common drops=350, overall=2350/7000 (33.6%), rate=0.322 drops/s, elapsed=02:01:47, remaining=04:00:58, finish_utc=2026-09-21T21:47:23+00:00, errors=[B-SSB:87, P2-SSB:63, P6-SSB:63, BC-SSB:56, CDD-SSB:39]
  SNR -1.5 dB, common drops=360, overall=2360/7000 (33.7%), rate=0.322 drops/s, elapsed=02:02:20, remaining=04:00:32, finish_utc=2026-09-21T21:47:29+00:00, errors=[B-SSB:88, P2-SSB:63, P6-SSB:63, BC-SSB:58, CDD-SSB:39]
  SNR -1.5 dB, common drops=370, overall=2370/7000 (33.9%), rate=0.322 drops/s, elapsed=02:02:50, remaining=03:59:59, finish_utc=2026-09-21T21:47:27+00:00, errors=[B-SSB:88, P2-SSB:64, P6-SSB:64, BC-SSB:59, CDD-SSB:40]
  SNR -1.5 dB, common drops=380, overall=2380/7000 (34.0%), rate=0.322 drops/s, elapsed=02:03:20, remaining=03:59:25, finish_utc=2026-09-21T21:47:23+00:00, errors=[B-SSB:89, P2-SSB:65, P6-SSB:65, BC-SSB:60, CDD-SSB:41]
  SNR -1.5 dB, common drops=390, overall=2390/7000 (34.1%), rate=0.322 drops/s, elapsed=02:03:50, remaining=03:58:51, finish_utc=2026-09-21T21:47:19+00:00, errors=[B-SSB:90, P2-SSB:66, P6-SSB:66, BC-SSB:62, CDD-SSB:42]
  SNR -1.5 dB, common drops=400, overall=2400/7000 (34.3%), rate=0.322 drops/s, elapsed=02:04:22, remaining=03:58:21, finish_utc=2026-09-21T21:47:20+00:00, errors=[B-SSB:94, P2-SSB:67, P6-SSB:67, BC-SSB:63, CDD-SSB:44]
  SNR -1.5 dB, common drops=410, overall=2410/7000 (34.4%), rate=0.322 drops/s, elapsed=02:04:55, remaining=03:57:55, finish_utc=2026-09-21T21:47:27+00:00, errors=[B-SSB:96, P2-SSB:69, P6-SSB:69, BC-SSB:65, CDD-SSB:44]
  SNR -1.5 dB, common drops=420, overall=2420/7000 (34.6%), rate=0.322 drops/s, elapsed=02:05:27, remaining=03:57:25, finish_utc=2026-09-21T21:47:29+00:00, errors=[B-SSB:98, P2-SSB:70, P6-SSB:70, BC-SSB:67, CDD-SSB:45]
  SNR -1.5 dB, common drops=430, overall=2430/7000 (34.7%), rate=0.322 drops/s, elapsed=02:05:56, remaining=03:56:51, finish_utc=2026-09-21T21:47:25+00:00, errors=[B-SSB:100, P2-SSB:72, P6-SSB:73, BC-SSB:68, CDD-SSB:45]
  SNR -1.5 dB, common drops=440, overall=2440/7000 (34.9%), rate=0.322 drops/s, elapsed=02:06:26, remaining=03:56:18, finish_utc=2026-09-21T21:47:21+00:00, errors=[B-SSB:100, P2-SSB:72, P6-SSB:73, BC-SSB:69, CDD-SSB:45]
  SNR -1.5 dB, common drops=450, overall=2450/7000 (35.0%), rate=0.322 drops/s, elapsed=02:06:56, remaining=03:55:44, finish_utc=2026-09-21T21:47:18+00:00, errors=[B-SSB:104, P2-SSB:74, P6-SSB:75, BC-SSB:71, CDD-SSB:46]
  SNR -1.5 dB, common drops=460, overall=2460/7000 (35.1%), rate=0.322 drops/s, elapsed=02:07:29, remaining=03:55:16, finish_utc=2026-09-21T21:47:23+00:00, errors=[B-SSB:106, P2-SSB:77, P6-SSB:78, BC-SSB:72, CDD-SSB:46]
  SNR -1.5 dB, common drops=470, overall=2470/7000 (35.3%), rate=0.322 drops/s, elapsed=02:08:02, remaining=03:54:49, finish_utc=2026-09-21T21:47:28+00:00, errors=[B-SSB:108, P2-SSB:79, P6-SSB:80, BC-SSB:74, CDD-SSB:48]
  SNR -1.5 dB, common drops=480, overall=2480/7000 (35.4%), rate=0.322 drops/s, elapsed=02:08:32, remaining=03:54:16, finish_utc=2026-09-21T21:47:25+00:00, errors=[B-SSB:111, P2-SSB:82, P6-SSB:85, BC-SSB:76, CDD-SSB:50]
  SNR -1.5 dB, common drops=490, overall=2490/7000 (35.6%), rate=0.322 drops/s, elapsed=02:09:02, remaining=03:53:42, finish_utc=2026-09-21T21:47:21+00:00, errors=[B-SSB:114, P2-SSB:84, P6-SSB:87, BC-SSB:78, CDD-SSB:50]
  SNR -1.5 dB, common drops=500, overall=2500/7000 (35.7%), rate=0.322 drops/s, elapsed=02:09:32, remaining=03:53:09, finish_utc=2026-09-21T21:47:18+00:00, errors=[B-SSB:116, P2-SSB:85, P6-SSB:89, BC-SSB:80, CDD-SSB:51]
  SNR -1.5 dB, common drops=510, overall=2510/7000 (35.9%), rate=0.322 drops/s, elapsed=02:10:02, remaining=03:52:37, finish_utc=2026-09-21T21:47:17+00:00, errors=[B-SSB:119, P2-SSB:87, P6-SSB:91, BC-SSB:81, CDD-SSB:51]
  SNR -1.5 dB, common drops=520, overall=2520/7000 (36.0%), rate=0.322 drops/s, elapsed=02:10:38, remaining=03:52:14, finish_utc=2026-09-21T21:47:30+00:00, errors=[B-SSB:125, P2-SSB:90, P6-SSB:94, BC-SSB:84, CDD-SSB:52]
  SNR -1.5 dB, common drops=530, overall=2530/7000 (36.1%), rate=0.321 drops/s, elapsed=02:11:10, remaining=03:51:45, finish_utc=2026-09-21T21:47:33+00:00, errors=[B-SSB:129, P2-SSB:92, P6-SSB:96, BC-SSB:87, CDD-SSB:53]
  SNR -1.5 dB, common drops=540, overall=2540/7000 (36.3%), rate=0.322 drops/s, elapsed=02:11:40, remaining=03:51:12, finish_utc=2026-09-21T21:47:29+00:00, errors=[B-SSB:131, P2-SSB:93, P6-SSB:97, BC-SSB:88, CDD-SSB:53]
  SNR -1.5 dB, common drops=550, overall=2550/7000 (36.4%), rate=0.322 drops/s, elapsed=02:12:10, remaining=03:50:38, finish_utc=2026-09-21T21:47:25+00:00, errors=[B-SSB:135, P2-SSB:95, P6-SSB:99, BC-SSB:90, CDD-SSB:54]
  SNR -1.5 dB, common drops=560, overall=2560/7000 (36.6%), rate=0.322 drops/s, elapsed=02:12:39, remaining=03:50:04, finish_utc=2026-09-21T21:47:21+00:00, errors=[B-SSB:137, P2-SSB:95, P6-SSB:99, BC-SSB:92, CDD-SSB:55]
  SNR -1.5 dB, common drops=570, overall=2570/7000 (36.7%), rate=0.322 drops/s, elapsed=02:13:11, remaining=03:49:35, finish_utc=2026-09-21T21:47:24+00:00, errors=[B-SSB:139, P2-SSB:96, P6-SSB:100, BC-SSB:94, CDD-SSB:56]
  SNR -1.5 dB, common drops=580, overall=2580/7000 (36.9%), rate=0.322 drops/s, elapsed=02:13:44, remaining=03:49:07, finish_utc=2026-09-21T21:47:29+00:00, errors=[B-SSB:143, P2-SSB:100, P6-SSB:103, BC-SSB:98, CDD-SSB:59]
  SNR -1.5 dB, common drops=590, overall=2590/7000 (37.0%), rate=0.322 drops/s, elapsed=02:14:15, remaining=03:48:35, finish_utc=2026-09-21T21:47:27+00:00, errors=[B-SSB:144, P2-SSB:101, P6-SSB:104, BC-SSB:99, CDD-SSB:60]
  SNR -1.5 dB, common drops=600, overall=2600/7000 (37.1%), rate=0.322 drops/s, elapsed=02:14:44, remaining=03:48:01, finish_utc=2026-09-21T21:47:23+00:00, errors=[B-SSB:146, P2-SSB:103, P6-SSB:106, BC-SSB:101, CDD-SSB:60]
  SNR -1.5 dB, common drops=610, overall=2610/7000 (37.3%), rate=0.322 drops/s, elapsed=02:15:14, remaining=03:47:28, finish_utc=2026-09-21T21:47:19+00:00, errors=[B-SSB:147, P2-SSB:103, P6-SSB:106, BC-SSB:102, CDD-SSB:60]
  SNR -1.5 dB, common drops=620, overall=2620/7000 (37.4%), rate=0.322 drops/s, elapsed=02:15:44, remaining=03:46:55, finish_utc=2026-09-21T21:47:16+00:00, errors=[B-SSB:149, P2-SSB:105, P6-SSB:108, BC-SSB:104, CDD-SSB:62]
  SNR -1.5 dB, common drops=630, overall=2630/7000 (37.6%), rate=0.322 drops/s, elapsed=02:16:16, remaining=03:46:25, finish_utc=2026-09-21T21:47:18+00:00, errors=[B-SSB:153, P2-SSB:109, P6-SSB:112, BC-SSB:109, CDD-SSB:65]
  SNR -1.5 dB, common drops=640, overall=2640/7000 (37.7%), rate=0.322 drops/s, elapsed=02:16:50, remaining=03:45:58, finish_utc=2026-09-21T21:47:26+00:00, errors=[B-SSB:156, P2-SSB:113, P6-SSB:115, BC-SSB:111, CDD-SSB:66]
  SNR -1.5 dB, common drops=650, overall=2650/7000 (37.9%), rate=0.322 drops/s, elapsed=02:17:20, remaining=03:45:26, finish_utc=2026-09-21T21:47:24+00:00, errors=[B-SSB:158, P2-SSB:116, P6-SSB:118, BC-SSB:111, CDD-SSB:66]
  SNR -1.5 dB, common drops=660, overall=2660/7000 (38.0%), rate=0.322 drops/s, elapsed=02:17:50, remaining=03:44:53, finish_utc=2026-09-21T21:47:21+00:00, errors=[B-SSB:161, P2-SSB:118, P6-SSB:121, BC-SSB:114, CDD-SSB:68]
  SNR -1.5 dB, common drops=670, overall=2670/7000 (38.1%), rate=0.322 drops/s, elapsed=02:18:20, remaining=03:44:20, finish_utc=2026-09-21T21:47:17+00:00, errors=[B-SSB:165, P2-SSB:121, P6-SSB:124, BC-SSB:118, CDD-SSB:72]
  SNR -1.5 dB, common drops=680, overall=2680/7000 (38.3%), rate=0.322 drops/s, elapsed=02:18:50, remaining=03:43:47, finish_utc=2026-09-21T21:47:14+00:00, errors=[B-SSB:167, P2-SSB:123, P6-SSB:126, BC-SSB:120, CDD-SSB:73]
  SNR -1.5 dB, common drops=690, overall=2690/7000 (38.4%), rate=0.322 drops/s, elapsed=02:19:19, remaining=03:43:14, finish_utc=2026-09-21T21:47:11+00:00, errors=[B-SSB:168, P2-SSB:124, P6-SSB:127, BC-SSB:121, CDD-SSB:74]
  SNR -1.5 dB, common drops=700, overall=2700/7000 (38.6%), rate=0.322 drops/s, elapsed=02:19:52, remaining=03:42:45, finish_utc=2026-09-21T21:47:15+00:00, errors=[B-SSB:170, P2-SSB:126, P6-SSB:129, BC-SSB:122, CDD-SSB:75]
  SNR -1.5 dB, common drops=710, overall=2710/7000 (38.7%), rate=0.322 drops/s, elapsed=02:20:26, remaining=03:42:18, finish_utc=2026-09-21T21:47:21+00:00, errors=[B-SSB:172, P2-SSB:126, P6-SSB:130, BC-SSB:123, CDD-SSB:75]
  SNR -1.5 dB, common drops=720, overall=2720/7000 (38.9%), rate=0.322 drops/s, elapsed=02:20:56, remaining=03:41:45, finish_utc=2026-09-21T21:47:18+00:00, errors=[B-SSB:177, P2-SSB:129, P6-SSB:133, BC-SSB:126, CDD-SSB:77]
  SNR -1.5 dB, common drops=730, overall=2730/7000 (39.0%), rate=0.322 drops/s, elapsed=02:21:25, remaining=03:41:12, finish_utc=2026-09-21T21:47:15+00:00, errors=[B-SSB:178, P2-SSB:130, P6-SSB:134, BC-SSB:127, CDD-SSB:78]
  SNR -1.5 dB, common drops=740, overall=2740/7000 (39.1%), rate=0.322 drops/s, elapsed=02:21:55, remaining=03:40:39, finish_utc=2026-09-21T21:47:12+00:00, errors=[B-SSB:181, P2-SSB:132, P6-SSB:136, BC-SSB:129, CDD-SSB:80]
  SNR -1.5 dB, common drops=750, overall=2750/7000 (39.3%), rate=0.322 drops/s, elapsed=02:22:26, remaining=03:40:08, finish_utc=2026-09-21T21:47:11+00:00, errors=[B-SSB:185, P2-SSB:134, P6-SSB:138, BC-SSB:131, CDD-SSB:80]
  SNR -1.5 dB, common drops=760, overall=2760/7000 (39.4%), rate=0.322 drops/s, elapsed=02:22:59, remaining=03:39:40, finish_utc=2026-09-21T21:47:17+00:00, errors=[B-SSB:186, P2-SSB:135, P6-SSB:139, BC-SSB:133, CDD-SSB:81]
  SNR -1.5 dB, common drops=770, overall=2770/7000 (39.6%), rate=0.322 drops/s, elapsed=02:23:30, remaining=03:39:09, finish_utc=2026-09-21T21:47:17+00:00, errors=[B-SSB:189, P2-SSB:138, P6-SSB:142, BC-SSB:136, CDD-SSB:84]
  SNR -1.5 dB, common drops=780, overall=2780/7000 (39.7%), rate=0.322 drops/s, elapsed=02:24:00, remaining=03:38:36, finish_utc=2026-09-21T21:47:14+00:00, errors=[B-SSB:191, P2-SSB:138, P6-SSB:143, BC-SSB:137, CDD-SSB:84]
  SNR -1.5 dB, common drops=790, overall=2790/7000 (39.9%), rate=0.322 drops/s, elapsed=02:24:30, remaining=03:38:03, finish_utc=2026-09-21T21:47:11+00:00, errors=[B-SSB:196, P2-SSB:141, P6-SSB:146, BC-SSB:140, CDD-SSB:86]
  SNR -1.5 dB, common drops=800, overall=2800/7000 (40.0%), rate=0.322 drops/s, elapsed=02:25:00, remaining=03:37:31, finish_utc=2026-09-21T21:47:08+00:00, errors=[B-SSB:200, P2-SSB:145, P6-SSB:150, BC-SSB:143, CDD-SSB:89]
  SNR -1.5 dB, common drops=810, overall=2810/7000 (40.1%), rate=0.322 drops/s, elapsed=02:25:33, remaining=03:37:02, finish_utc=2026-09-21T21:47:13+00:00, errors=[B-SSB:203, P2-SSB:147, P6-SSB:152, BC-SSB:145, CDD-SSB:90]
  SNR -1.5 dB, common drops=820, overall=2820/7000 (40.3%), rate=0.322 drops/s, elapsed=02:26:07, remaining=03:36:35, finish_utc=2026-09-21T21:47:20+00:00, errors=[B-SSB:204, P2-SSB:149, P6-SSB:154, BC-SSB:146, CDD-SSB:90]
  SNR -1.5 dB, common drops=830, overall=2830/7000 (40.4%), rate=0.322 drops/s, elapsed=02:26:37, remaining=03:36:03, finish_utc=2026-09-21T21:47:17+00:00, errors=[B-SSB:208, P2-SSB:152, P6-SSB:157, BC-SSB:149, CDD-SSB:92]
  SNR -1.5 dB, common drops=840, overall=2840/7000 (40.6%), rate=0.322 drops/s, elapsed=02:27:07, remaining=03:35:29, finish_utc=2026-09-21T21:47:14+00:00, errors=[B-SSB:209, P2-SSB:152, P6-SSB:157, BC-SSB:150, CDD-SSB:92]
  SNR -1.5 dB, common drops=850, overall=2850/7000 (40.7%), rate=0.322 drops/s, elapsed=02:27:36, remaining=03:34:56, finish_utc=2026-09-21T21:47:10+00:00, errors=[B-SSB:211, P2-SSB:154, P6-SSB:159, BC-SSB:152, CDD-SSB:94]
  SNR -1.5 dB, common drops=860, overall=2860/7000 (40.9%), rate=0.322 drops/s, elapsed=02:28:06, remaining=03:34:23, finish_utc=2026-09-21T21:47:07+00:00, errors=[B-SSB:214, P2-SSB:157, P6-SSB:162, BC-SSB:154, CDD-SSB:96]
  SNR -1.5 dB, common drops=870, overall=2870/7000 (41.0%), rate=0.322 drops/s, elapsed=02:28:38, remaining=03:33:53, finish_utc=2026-09-21T21:47:09+00:00, errors=[B-SSB:217, P2-SSB:159, P6-SSB:164, BC-SSB:155, CDD-SSB:97]
  SNR -1.5 dB, common drops=880, overall=2880/7000 (41.1%), rate=0.322 drops/s, elapsed=02:29:12, remaining=03:33:26, finish_utc=2026-09-21T21:47:15+00:00, errors=[B-SSB:220, P2-SSB:162, P6-SSB:166, BC-SSB:158, CDD-SSB:99]
  SNR -1.5 dB, common drops=890, overall=2890/7000 (41.3%), rate=0.322 drops/s, elapsed=02:29:42, remaining=03:32:53, finish_utc=2026-09-21T21:47:12+00:00, errors=[B-SSB:222, P2-SSB:163, P6-SSB:167, BC-SSB:159, CDD-SSB:99]
  SNR -1.5 dB, common drops=900, overall=2900/7000 (41.4%), rate=0.322 drops/s, elapsed=02:30:11, remaining=03:32:20, finish_utc=2026-09-21T21:47:09+00:00, errors=[B-SSB:225, P2-SSB:164, P6-SSB:168, BC-SSB:162, CDD-SSB:100]
  SNR -1.5 dB, common drops=910, overall=2910/7000 (41.6%), rate=0.322 drops/s, elapsed=02:30:43, remaining=03:31:49, finish_utc=2026-09-21T21:47:10+00:00, errors=[B-SSB:225, P2-SSB:164, P6-SSB:168, BC-SSB:162, CDD-SSB:100]
  SNR -1.5 dB, common drops=920, overall=2920/7000 (41.7%), rate=0.322 drops/s, elapsed=02:31:17, remaining=03:31:23, finish_utc=2026-09-21T21:47:17+00:00, errors=[B-SSB:228, P2-SSB:165, P6-SSB:169, BC-SSB:164, CDD-SSB:101]
  SNR -1.5 dB, common drops=930, overall=2930/7000 (41.9%), rate=0.322 drops/s, elapsed=02:31:51, remaining=03:30:56, finish_utc=2026-09-21T21:47:25+00:00, errors=[B-SSB:234, P2-SSB:169, P6-SSB:173, BC-SSB:167, CDD-SSB:103]
  SNR -1.5 dB, common drops=940, overall=2940/7000 (42.0%), rate=0.322 drops/s, elapsed=02:32:21, remaining=03:30:24, finish_utc=2026-09-21T21:47:22+00:00, errors=[B-SSB:236, P2-SSB:171, P6-SSB:175, BC-SSB:169, CDD-SSB:104]
  SNR -1.5 dB, common drops=950, overall=2950/7000 (42.1%), rate=0.322 drops/s, elapsed=02:32:51, remaining=03:29:51, finish_utc=2026-09-21T21:47:19+00:00, errors=[B-SSB:237, P2-SSB:171, P6-SSB:175, BC-SSB:170, CDD-SSB:105]
  SNR -1.5 dB, common drops=960, overall=2960/7000 (42.3%), rate=0.322 drops/s, elapsed=02:33:21, remaining=03:29:18, finish_utc=2026-09-21T21:47:16+00:00, errors=[B-SSB:241, P2-SSB:174, P6-SSB:177, BC-SSB:173, CDD-SSB:106]
  SNR -1.5 dB, common drops=970, overall=2970/7000 (42.4%), rate=0.322 drops/s, elapsed=02:33:50, remaining=03:28:45, finish_utc=2026-09-21T21:47:12+00:00, errors=[B-SSB:242, P2-SSB:174, P6-SSB:177, BC-SSB:174, CDD-SSB:106]
  SNR -1.5 dB, common drops=980, overall=2980/7000 (42.6%), rate=0.322 drops/s, elapsed=02:34:23, remaining=03:28:16, finish_utc=2026-09-21T21:47:16+00:00, errors=[B-SSB:244, P2-SSB:175, P6-SSB:178, BC-SSB:176, CDD-SSB:108]
  SNR -1.5 dB, common drops=990, overall=2990/7000 (42.7%), rate=0.322 drops/s, elapsed=02:34:57, remaining=03:27:48, finish_utc=2026-09-21T21:47:23+00:00, errors=[B-SSB:248, P2-SSB:178, P6-SSB:181, BC-SSB:178, CDD-SSB:109]
  SNR -1.5 dB, common drops=1000, overall=3000/7000 (42.9%), rate=0.322 drops/s, elapsed=02:35:28, remaining=03:27:17, finish_utc=2026-09-21T21:47:22+00:00, errors=[B-SSB:251, P2-SSB:180, P6-SSB:183, BC-SSB:179, CDD-SSB:111]
SNR -1.5 dB complete: drops=1000
SNR -1 dB starting/resuming at 0 common drops
  SNR -1 dB, common drops=10, overall=3010/7000 (43.0%), rate=0.322 drops/s, elapsed=02:35:57, remaining=03:26:44, finish_utc=2026-09-21T21:47:19+00:00, errors=[B-SSB:1, P2-SSB:1, P6-SSB:2, BC-SSB:1, CDD-SSB:1]
  SNR -1 dB, common drops=20, overall=3020/7000 (43.1%), rate=0.322 drops/s, elapsed=02:36:27, remaining=03:26:11, finish_utc=2026-09-21T21:47:16+00:00, errors=[B-SSB:2, P2-SSB:3, P6-SSB:3, BC-SSB:1, CDD-SSB:1]
  SNR -1 dB, common drops=30, overall=3030/7000 (43.3%), rate=0.322 drops/s, elapsed=02:36:57, remaining=03:25:39, finish_utc=2026-09-21T21:47:13+00:00, errors=[B-SSB:3, P2-SSB:3, P6-SSB:3, BC-SSB:1, CDD-SSB:1]
  SNR -1 dB, common drops=40, overall=3040/7000 (43.4%), rate=0.322 drops/s, elapsed=02:37:31, remaining=03:25:11, finish_utc=2026-09-21T21:47:19+00:00, errors=[B-SSB:4, P2-SSB:4, P6-SSB:4, BC-SSB:1, CDD-SSB:1]
  SNR -1 dB, common drops=50, overall=3050/7000 (43.6%), rate=0.322 drops/s, elapsed=02:38:02, remaining=03:24:40, finish_utc=2026-09-21T21:47:20+00:00, errors=[B-SSB:5, P2-SSB:4, P6-SSB:4, BC-SSB:2, CDD-SSB:2]
  SNR -1 dB, common drops=60, overall=3060/7000 (43.7%), rate=0.322 drops/s, elapsed=02:38:32, remaining=03:24:07, finish_utc=2026-09-21T21:47:17+00:00, errors=[B-SSB:8, P2-SSB:4, P6-SSB:4, BC-SSB:4, CDD-SSB:2]
  SNR -1 dB, common drops=70, overall=3070/7000 (43.9%), rate=0.322 drops/s, elapsed=02:39:02, remaining=03:23:35, finish_utc=2026-09-21T21:47:14+00:00, errors=[B-SSB:11, P2-SSB:6, P6-SSB:6, BC-SSB:5, CDD-SSB:2]
  SNR -1 dB, common drops=80, overall=3080/7000 (44.0%), rate=0.322 drops/s, elapsed=02:39:32, remaining=03:23:02, finish_utc=2026-09-21T21:47:11+00:00, errors=[B-SSB:11, P2-SSB:7, P6-SSB:7, BC-SSB:5, CDD-SSB:2]
  SNR -1 dB, common drops=90, overall=3090/7000 (44.1%), rate=0.322 drops/s, elapsed=02:40:01, remaining=03:22:29, finish_utc=2026-09-21T21:47:08+00:00, errors=[B-SSB:14, P2-SSB:8, P6-SSB:8, BC-SSB:7, CDD-SSB:3]
  SNR -1 dB, common drops=100, overall=3100/7000 (44.3%), rate=0.322 drops/s, elapsed=02:40:35, remaining=03:22:01, finish_utc=2026-09-21T21:47:13+00:00, errors=[B-SSB:15, P2-SSB:9, P6-SSB:9, BC-SSB:7, CDD-SSB:4]
  SNR -1 dB, common drops=110, overall=3110/7000 (44.4%), rate=0.322 drops/s, elapsed=02:41:07, remaining=03:21:32, finish_utc=2026-09-21T21:47:17+00:00, errors=[B-SSB:16, P2-SSB:10, P6-SSB:10, BC-SSB:8, CDD-SSB:4]
  SNR -1 dB, common drops=120, overall=3120/7000 (44.6%), rate=0.322 drops/s, elapsed=02:41:37, remaining=03:21:00, finish_utc=2026-09-21T21:47:14+00:00, errors=[B-SSB:18, P2-SSB:11, P6-SSB:11, BC-SSB:9, CDD-SSB:4]
  SNR -1 dB, common drops=130, overall=3130/7000 (44.7%), rate=0.322 drops/s, elapsed=02:42:07, remaining=03:20:27, finish_utc=2026-09-21T21:47:12+00:00, errors=[B-SSB:22, P2-SSB:13, P6-SSB:13, BC-SSB:12, CDD-SSB:6]
  SNR -1 dB, common drops=140, overall=3140/7000 (44.9%), rate=0.322 drops/s, elapsed=02:42:37, remaining=03:19:54, finish_utc=2026-09-21T21:47:09+00:00, errors=[B-SSB:22, P2-SSB:13, P6-SSB:13, BC-SSB:13, CDD-SSB:6]
  SNR -1 dB, common drops=150, overall=3150/7000 (45.0%), rate=0.322 drops/s, elapsed=02:43:07, remaining=03:19:21, finish_utc=2026-09-21T21:47:06+00:00, errors=[B-SSB:25, P2-SSB:15, P6-SSB:15, BC-SSB:14, CDD-SSB:7]
  SNR -1 dB, common drops=160, overall=3160/7000 (45.1%), rate=0.322 drops/s, elapsed=02:43:39, remaining=03:18:52, finish_utc=2026-09-21T21:47:09+00:00, errors=[B-SSB:26, P2-SSB:16, P6-SSB:16, BC-SSB:14, CDD-SSB:7]
  SNR -1 dB, common drops=170, overall=3170/7000 (45.3%), rate=0.322 drops/s, elapsed=02:44:12, remaining=03:18:23, finish_utc=2026-09-21T21:47:12+00:00, errors=[B-SSB:28, P2-SSB:16, P6-SSB:16, BC-SSB:14, CDD-SSB:7]
  SNR -1 dB, common drops=180, overall=3180/7000 (45.4%), rate=0.322 drops/s, elapsed=02:44:42, remaining=03:17:50, finish_utc=2026-09-21T21:47:10+00:00, errors=[B-SSB:30, P2-SSB:19, P6-SSB:19, BC-SSB:15, CDD-SSB:7]
  SNR -1 dB, common drops=190, overall=3190/7000 (45.6%), rate=0.322 drops/s, elapsed=02:45:12, remaining=03:17:18, finish_utc=2026-09-21T21:47:07+00:00, errors=[B-SSB:34, P2-SSB:20, P6-SSB:20, BC-SSB:18, CDD-SSB:11]
  SNR -1 dB, common drops=200, overall=3200/7000 (45.7%), rate=0.322 drops/s, elapsed=02:45:42, remaining=03:16:46, finish_utc=2026-09-21T21:47:05+00:00, errors=[B-SSB:35, P2-SSB:20, P6-SSB:20, BC-SSB:19, CDD-SSB:11]
  SNR -1 dB, common drops=210, overall=3210/7000 (45.9%), rate=0.322 drops/s, elapsed=02:46:11, remaining=03:16:13, finish_utc=2026-09-21T21:47:02+00:00, errors=[B-SSB:36, P2-SSB:21, P6-SSB:21, BC-SSB:21, CDD-SSB:12]
  SNR -1 dB, common drops=220, overall=3220/7000 (46.0%), rate=0.322 drops/s, elapsed=02:46:44, remaining=03:15:44, finish_utc=2026-09-21T21:47:05+00:00, errors=[B-SSB:36, P2-SSB:22, P6-SSB:22, BC-SSB:22, CDD-SSB:13]
  SNR -1 dB, common drops=230, overall=3230/7000 (46.1%), rate=0.322 drops/s, elapsed=02:47:16, remaining=03:15:14, finish_utc=2026-09-21T21:47:08+00:00, errors=[B-SSB:36, P2-SSB:22, P6-SSB:22, BC-SSB:22, CDD-SSB:13]
  SNR -1 dB, common drops=240, overall=3240/7000 (46.3%), rate=0.322 drops/s, elapsed=02:47:46, remaining=03:14:42, finish_utc=2026-09-21T21:47:06+00:00, errors=[B-SSB:39, P2-SSB:24, P6-SSB:23, BC-SSB:24, CDD-SSB:14]
  SNR -1 dB, common drops=250, overall=3250/7000 (46.4%), rate=0.322 drops/s, elapsed=02:48:16, remaining=03:14:10, finish_utc=2026-09-21T21:47:03+00:00, errors=[B-SSB:41, P2-SSB:25, P6-SSB:24, BC-SSB:25, CDD-SSB:15]
  SNR -1 dB, common drops=260, overall=3260/7000 (46.6%), rate=0.322 drops/s, elapsed=02:48:46, remaining=03:13:37, finish_utc=2026-09-21T21:47:00+00:00, errors=[B-SSB:43, P2-SSB:27, P6-SSB:27, BC-SSB:27, CDD-SSB:16]
  SNR -1 dB, common drops=270, overall=3270/7000 (46.7%), rate=0.322 drops/s, elapsed=02:49:16, remaining=03:13:04, finish_utc=2026-09-21T21:46:58+00:00, errors=[B-SSB:45, P2-SSB:28, P6-SSB:28, BC-SSB:29, CDD-SSB:16]
  SNR -1 dB, common drops=280, overall=3280/7000 (46.9%), rate=0.322 drops/s, elapsed=02:49:48, remaining=03:12:35, finish_utc=2026-09-21T21:47:00+00:00, errors=[B-SSB:48, P2-SSB:31, P6-SSB:31, BC-SSB:30, CDD-SSB:16]
  SNR -1 dB, common drops=290, overall=3290/7000 (47.0%), rate=0.322 drops/s, elapsed=02:50:22, remaining=03:12:07, finish_utc=2026-09-21T21:47:06+00:00, errors=[B-SSB:51, P2-SSB:33, P6-SSB:33, BC-SSB:30, CDD-SSB:17]
  SNR -1 dB, common drops=300, overall=3300/7000 (47.1%), rate=0.322 drops/s, elapsed=02:50:52, remaining=03:11:35, finish_utc=2026-09-21T21:47:04+00:00, errors=[B-SSB:54, P2-SSB:34, P6-SSB:35, BC-SSB:32, CDD-SSB:19]
  SNR -1 dB, common drops=310, overall=3310/7000 (47.3%), rate=0.322 drops/s, elapsed=02:51:22, remaining=03:11:02, finish_utc=2026-09-21T21:47:01+00:00, errors=[B-SSB:58, P2-SSB:36, P6-SSB:37, BC-SSB:34, CDD-SSB:20]
  SNR -1 dB, common drops=320, overall=3320/7000 (47.4%), rate=0.322 drops/s, elapsed=02:51:51, remaining=03:10:29, finish_utc=2026-09-21T21:46:58+00:00, errors=[B-SSB:59, P2-SSB:36, P6-SSB:37, BC-SSB:35, CDD-SSB:21]
  SNR -1 dB, common drops=330, overall=3330/7000 (47.6%), rate=0.322 drops/s, elapsed=02:52:21, remaining=03:09:57, finish_utc=2026-09-21T21:46:56+00:00, errors=[B-SSB:60, P2-SSB:37, P6-SSB:38, BC-SSB:36, CDD-SSB:22]
  SNR -1 dB, common drops=340, overall=3340/7000 (47.7%), rate=0.322 drops/s, elapsed=02:52:52, remaining=03:09:26, finish_utc=2026-09-21T21:46:56+00:00, errors=[B-SSB:64, P2-SSB:40, P6-SSB:41, BC-SSB:38, CDD-SSB:25]
  SNR -1 dB, common drops=350, overall=3350/7000 (47.9%), rate=0.322 drops/s, elapsed=02:53:26, remaining=03:08:58, finish_utc=2026-09-21T21:47:01+00:00, errors=[B-SSB:65, P2-SSB:41, P6-SSB:42, BC-SSB:38, CDD-SSB:25]
  SNR -1 dB, common drops=360, overall=3360/7000 (48.0%), rate=0.322 drops/s, elapsed=02:53:56, remaining=03:08:26, finish_utc=2026-09-21T21:47:00+00:00, errors=[B-SSB:65, P2-SSB:41, P6-SSB:42, BC-SSB:40, CDD-SSB:25]
  SNR -1 dB, common drops=370, overall=3370/7000 (48.1%), rate=0.322 drops/s, elapsed=02:54:26, remaining=03:07:53, finish_utc=2026-09-21T21:46:57+00:00, errors=[B-SSB:65, P2-SSB:41, P6-SSB:42, BC-SSB:40, CDD-SSB:25]
  SNR -1 dB, common drops=380, overall=3380/7000 (48.3%), rate=0.322 drops/s, elapsed=02:54:56, remaining=03:07:21, finish_utc=2026-09-21T21:46:54+00:00, errors=[B-SSB:66, P2-SSB:42, P6-SSB:43, BC-SSB:41, CDD-SSB:25]
  SNR -1 dB, common drops=390, overall=3390/7000 (48.4%), rate=0.322 drops/s, elapsed=02:55:25, remaining=03:06:49, finish_utc=2026-09-21T21:46:51+00:00, errors=[B-SSB:67, P2-SSB:42, P6-SSB:43, BC-SSB:42, CDD-SSB:26]
  SNR -1 dB, common drops=400, overall=3400/7000 (48.6%), rate=0.322 drops/s, elapsed=02:55:59, remaining=03:06:20, finish_utc=2026-09-21T21:46:56+00:00, errors=[B-SSB:67, P2-SSB:42, P6-SSB:43, BC-SSB:43, CDD-SSB:28]
  SNR -1 dB, common drops=410, overall=3410/7000 (48.7%), rate=0.322 drops/s, elapsed=02:56:31, remaining=03:05:50, finish_utc=2026-09-21T21:46:58+00:00, errors=[B-SSB:69, P2-SSB:43, P6-SSB:44, BC-SSB:45, CDD-SSB:28]
  SNR -1 dB, common drops=420, overall=3420/7000 (48.9%), rate=0.322 drops/s, elapsed=02:57:00, remaining=03:05:17, finish_utc=2026-09-21T21:46:55+00:00, errors=[B-SSB:70, P2-SSB:43, P6-SSB:44, BC-SSB:46, CDD-SSB:29]
  SNR -1 dB, common drops=430, overall=3430/7000 (49.0%), rate=0.322 drops/s, elapsed=02:57:30, remaining=03:04:45, finish_utc=2026-09-21T21:46:53+00:00, errors=[B-SSB:72, P2-SSB:43, P6-SSB:44, BC-SSB:47, CDD-SSB:29]
  SNR -1 dB, common drops=440, overall=3440/7000 (49.1%), rate=0.322 drops/s, elapsed=02:58:00, remaining=03:04:12, finish_utc=2026-09-21T21:46:50+00:00, errors=[B-SSB:72, P2-SSB:43, P6-SSB:44, BC-SSB:47, CDD-SSB:29]
  SNR -1 dB, common drops=450, overall=3450/7000 (49.3%), rate=0.322 drops/s, elapsed=02:58:29, remaining=03:03:40, finish_utc=2026-09-21T21:46:47+00:00, errors=[B-SSB:74, P2-SSB:45, P6-SSB:45, BC-SSB:49, CDD-SSB:30]
  SNR -1 dB, common drops=460, overall=3460/7000 (49.4%), rate=0.322 drops/s, elapsed=02:59:02, remaining=03:03:11, finish_utc=2026-09-21T21:46:50+00:00, errors=[B-SSB:76, P2-SSB:46, P6-SSB:46, BC-SSB:50, CDD-SSB:30]
  SNR -1 dB, common drops=470, overall=3470/7000 (49.6%), rate=0.322 drops/s, elapsed=02:59:35, remaining=03:02:41, finish_utc=2026-09-21T21:46:54+00:00, errors=[B-SSB:78, P2-SSB:48, P6-SSB:48, BC-SSB:52, CDD-SSB:31]
  SNR -1 dB, common drops=480, overall=3480/7000 (49.7%), rate=0.322 drops/s, elapsed=03:00:05, remaining=03:02:09, finish_utc=2026-09-21T21:46:51+00:00, errors=[B-SSB:81, P2-SSB:50, P6-SSB:50, BC-SSB:53, CDD-SSB:33]
  SNR -1 dB, common drops=490, overall=3490/7000 (49.9%), rate=0.322 drops/s, elapsed=03:00:34, remaining=03:01:36, finish_utc=2026-09-21T21:46:48+00:00, errors=[B-SSB:84, P2-SSB:52, P6-SSB:52, BC-SSB:54, CDD-SSB:33]
  SNR -1 dB, common drops=500, overall=3500/7000 (50.0%), rate=0.322 drops/s, elapsed=03:01:04, remaining=03:01:04, finish_utc=2026-09-21T21:46:45+00:00, errors=[B-SSB:86, P2-SSB:53, P6-SSB:54, BC-SSB:56, CDD-SSB:34]
  SNR -1 dB, common drops=510, overall=3510/7000 (50.1%), rate=0.322 drops/s, elapsed=03:01:34, remaining=03:00:32, finish_utc=2026-09-21T21:46:43+00:00, errors=[B-SSB:88, P2-SSB:55, P6-SSB:56, BC-SSB:57, CDD-SSB:34]
  SNR -1 dB, common drops=520, overall=3520/7000 (50.3%), rate=0.322 drops/s, elapsed=03:02:07, remaining=03:00:02, finish_utc=2026-09-21T21:46:47+00:00, errors=[B-SSB:91, P2-SSB:58, P6-SSB:59, BC-SSB:59, CDD-SSB:35]
  SNR -1 dB, common drops=530, overall=3530/7000 (50.4%), rate=0.322 drops/s, elapsed=03:02:39, remaining=02:59:33, finish_utc=2026-09-21T21:46:49+00:00, errors=[B-SSB:94, P2-SSB:59, P6-SSB:61, BC-SSB:59, CDD-SSB:35]
  SNR -1 dB, common drops=540, overall=3540/7000 (50.6%), rate=0.322 drops/s, elapsed=03:03:09, remaining=02:59:00, finish_utc=2026-09-21T21:46:46+00:00, errors=[B-SSB:95, P2-SSB:60, P6-SSB:62, BC-SSB:59, CDD-SSB:35]
  SNR -1 dB, common drops=550, overall=3550/7000 (50.7%), rate=0.322 drops/s, elapsed=03:03:38, remaining=02:58:28, finish_utc=2026-09-21T21:46:44+00:00, errors=[B-SSB:98, P2-SSB:61, P6-SSB:63, BC-SSB:61, CDD-SSB:36]
  SNR -1 dB, common drops=560, overall=3560/7000 (50.9%), rate=0.322 drops/s, elapsed=03:04:08, remaining=02:57:56, finish_utc=2026-09-21T21:46:41+00:00, errors=[B-SSB:100, P2-SSB:61, P6-SSB:63, BC-SSB:62, CDD-SSB:37]
  SNR -1 dB, common drops=570, overall=3570/7000 (51.0%), rate=0.322 drops/s, elapsed=03:04:38, remaining=02:57:24, finish_utc=2026-09-21T21:46:39+00:00, errors=[B-SSB:101, P2-SSB:62, P6-SSB:64, BC-SSB:63, CDD-SSB:38]
  SNR -1 dB, common drops=580, overall=3580/7000 (51.1%), rate=0.322 drops/s, elapsed=03:05:10, remaining=02:56:54, finish_utc=2026-09-21T21:46:42+00:00, errors=[B-SSB:105, P2-SSB:64, P6-SSB:65, BC-SSB:66, CDD-SSB:40]
  SNR -1 dB, common drops=590, overall=3590/7000 (51.3%), rate=0.322 drops/s, elapsed=03:05:45, remaining=02:56:26, finish_utc=2026-09-21T21:46:48+00:00, errors=[B-SSB:106, P2-SSB:65, P6-SSB:66, BC-SSB:67, CDD-SSB:41]
  SNR -1 dB, common drops=600, overall=3600/7000 (51.4%), rate=0.322 drops/s, elapsed=03:06:15, remaining=02:55:54, finish_utc=2026-09-21T21:46:47+00:00, errors=[B-SSB:107, P2-SSB:66, P6-SSB:67, BC-SSB:67, CDD-SSB:41]
  SNR -1 dB, common drops=610, overall=3610/7000 (51.6%), rate=0.322 drops/s, elapsed=03:06:45, remaining=02:55:22, finish_utc=2026-09-21T21:46:44+00:00, errors=[B-SSB:108, P2-SSB:66, P6-SSB:67, BC-SSB:68, CDD-SSB:41]
  SNR -1 dB, common drops=620, overall=3620/7000 (51.7%), rate=0.322 drops/s, elapsed=03:07:14, remaining=02:54:50, finish_utc=2026-09-21T21:46:42+00:00, errors=[B-SSB:109, P2-SSB:66, P6-SSB:67, BC-SSB:69, CDD-SSB:41]
  SNR -1 dB, common drops=630, overall=3630/7000 (51.9%), rate=0.322 drops/s, elapsed=03:07:44, remaining=02:54:17, finish_utc=2026-09-21T21:46:39+00:00, errors=[B-SSB:112, P2-SSB:68, P6-SSB:69, BC-SSB:73, CDD-SSB:43]
  SNR -1 dB, common drops=640, overall=3640/7000 (52.0%), rate=0.322 drops/s, elapsed=03:08:14, remaining=02:53:45, finish_utc=2026-09-21T21:46:37+00:00, errors=[B-SSB:114, P2-SSB:70, P6-SSB:71, BC-SSB:74, CDD-SSB:44]
  SNR -1 dB, common drops=650, overall=3650/7000 (52.1%), rate=0.322 drops/s, elapsed=03:08:47, remaining=02:53:16, finish_utc=2026-09-21T21:46:40+00:00, errors=[B-SSB:115, P2-SSB:71, P6-SSB:72, BC-SSB:74, CDD-SSB:44]
  SNR -1 dB, common drops=660, overall=3660/7000 (52.3%), rate=0.322 drops/s, elapsed=03:09:21, remaining=02:52:47, finish_utc=2026-09-21T21:46:46+00:00, errors=[B-SSB:118, P2-SSB:73, P6-SSB:75, BC-SSB:77, CDD-SSB:46]
  SNR -1 dB, common drops=670, overall=3670/7000 (52.4%), rate=0.322 drops/s, elapsed=03:09:51, remaining=02:52:16, finish_utc=2026-09-21T21:46:45+00:00, errors=[B-SSB:122, P2-SSB:75, P6-SSB:77, BC-SSB:80, CDD-SSB:49]
  SNR -1 dB, common drops=680, overall=3680/7000 (52.6%), rate=0.322 drops/s, elapsed=03:10:21, remaining=02:51:44, finish_utc=2026-09-21T21:46:43+00:00, errors=[B-SSB:124, P2-SSB:77, P6-SSB:79, BC-SSB:82, CDD-SSB:50]
  SNR -1 dB, common drops=690, overall=3690/7000 (52.7%), rate=0.322 drops/s, elapsed=03:10:51, remaining=02:51:12, finish_utc=2026-09-21T21:46:40+00:00, errors=[B-SSB:125, P2-SSB:78, P6-SSB:80, BC-SSB:82, CDD-SSB:51]
  SNR -1 dB, common drops=700, overall=3700/7000 (52.9%), rate=0.322 drops/s, elapsed=03:11:23, remaining=02:50:42, finish_utc=2026-09-21T21:46:43+00:00, errors=[B-SSB:127, P2-SSB:80, P6-SSB:82, BC-SSB:83, CDD-SSB:52]
  SNR -1 dB, common drops=710, overall=3710/7000 (53.0%), rate=0.322 drops/s, elapsed=03:11:57, remaining=02:50:13, finish_utc=2026-09-21T21:46:47+00:00, errors=[B-SSB:128, P2-SSB:80, P6-SSB:82, BC-SSB:84, CDD-SSB:52]
  SNR -1 dB, common drops=720, overall=3720/7000 (53.1%), rate=0.322 drops/s, elapsed=03:12:27, remaining=02:49:41, finish_utc=2026-09-21T21:46:45+00:00, errors=[B-SSB:130, P2-SSB:82, P6-SSB:85, BC-SSB:87, CDD-SSB:54]
  SNR -1 dB, common drops=730, overall=3730/7000 (53.3%), rate=0.322 drops/s, elapsed=03:12:56, remaining=02:49:09, finish_utc=2026-09-21T21:46:43+00:00, errors=[B-SSB:130, P2-SSB:83, P6-SSB:85, BC-SSB:87, CDD-SSB:54]
  SNR -1 dB, common drops=740, overall=3740/7000 (53.4%), rate=0.322 drops/s, elapsed=03:13:26, remaining=02:48:37, finish_utc=2026-09-21T21:46:40+00:00, errors=[B-SSB:133, P2-SSB:85, P6-SSB:86, BC-SSB:89, CDD-SSB:56]
  SNR -1 dB, common drops=750, overall=3750/7000 (53.6%), rate=0.322 drops/s, elapsed=03:13:56, remaining=02:48:05, finish_utc=2026-09-21T21:46:38+00:00, errors=[B-SSB:135, P2-SSB:87, P6-SSB:88, BC-SSB:90, CDD-SSB:56]
  SNR -1 dB, common drops=760, overall=3760/7000 (53.7%), rate=0.322 drops/s, elapsed=03:14:28, remaining=02:47:34, finish_utc=2026-09-21T21:46:39+00:00, errors=[B-SSB:135, P2-SSB:88, P6-SSB:89, BC-SSB:90, CDD-SSB:56]
  SNR -1 dB, common drops=770, overall=3770/7000 (53.9%), rate=0.322 drops/s, elapsed=03:15:01, remaining=02:47:05, finish_utc=2026-09-21T21:46:43+00:00, errors=[B-SSB:138, P2-SSB:91, P6-SSB:92, BC-SSB:93, CDD-SSB:59]
  SNR -1 dB, common drops=780, overall=3780/7000 (54.0%), rate=0.322 drops/s, elapsed=03:15:31, remaining=02:46:33, finish_utc=2026-09-21T21:46:42+00:00, errors=[B-SSB:140, P2-SSB:91, P6-SSB:92, BC-SSB:93, CDD-SSB:59]
  SNR -1 dB, common drops=790, overall=3790/7000 (54.1%), rate=0.322 drops/s, elapsed=03:16:01, remaining=02:46:01, finish_utc=2026-09-21T21:46:40+00:00, errors=[B-SSB:144, P2-SSB:92, P6-SSB:93, BC-SSB:96, CDD-SSB:61]
  SNR -1 dB, common drops=800, overall=3800/7000 (54.3%), rate=0.322 drops/s, elapsed=03:16:31, remaining=02:45:29, finish_utc=2026-09-21T21:46:38+00:00, errors=[B-SSB:148, P2-SSB:96, P6-SSB:97, BC-SSB:99, CDD-SSB:63]
  SNR -1 dB, common drops=810, overall=3810/7000 (54.4%), rate=0.322 drops/s, elapsed=03:17:01, remaining=02:44:57, finish_utc=2026-09-21T21:46:36+00:00, errors=[B-SSB:151, P2-SSB:97, P6-SSB:98, BC-SSB:101, CDD-SSB:64]
  SNR -1 dB, common drops=820, overall=3820/7000 (54.6%), rate=0.322 drops/s, elapsed=03:17:34, remaining=02:44:28, finish_utc=2026-09-21T21:46:39+00:00, errors=[B-SSB:152, P2-SSB:98, P6-SSB:99, BC-SSB:102, CDD-SSB:64]
  SNR -1 dB, common drops=830, overall=3830/7000 (54.7%), rate=0.322 drops/s, elapsed=03:18:06, remaining=02:43:58, finish_utc=2026-09-21T21:46:42+00:00, errors=[B-SSB:156, P2-SSB:100, P6-SSB:101, BC-SSB:105, CDD-SSB:66]
  SNR -1 dB, common drops=840, overall=3840/7000 (54.9%), rate=0.322 drops/s, elapsed=03:18:36, remaining=02:43:26, finish_utc=2026-09-21T21:46:39+00:00, errors=[B-SSB:157, P2-SSB:100, P6-SSB:101, BC-SSB:106, CDD-SSB:66]
  SNR -1 dB, common drops=850, overall=3850/7000 (55.0%), rate=0.322 drops/s, elapsed=03:19:05, remaining=02:42:54, finish_utc=2026-09-21T21:46:36+00:00, errors=[B-SSB:158, P2-SSB:101, P6-SSB:101, BC-SSB:107, CDD-SSB:68]
  SNR -1 dB, common drops=860, overall=3860/7000 (55.1%), rate=0.322 drops/s, elapsed=03:19:35, remaining=02:42:22, finish_utc=2026-09-21T21:46:34+00:00, errors=[B-SSB:160, P2-SSB:103, P6-SSB:103, BC-SSB:108, CDD-SSB:69]
  SNR -1 dB, common drops=870, overall=3870/7000 (55.3%), rate=0.322 drops/s, elapsed=03:20:05, remaining=02:41:50, finish_utc=2026-09-21T21:46:32+00:00, errors=[B-SSB:163, P2-SSB:105, P6-SSB:105, BC-SSB:109, CDD-SSB:70]
  SNR -1 dB, common drops=880, overall=3880/7000 (55.4%), rate=0.322 drops/s, elapsed=03:20:38, remaining=02:41:20, finish_utc=2026-09-21T21:46:36+00:00, errors=[B-SSB:166, P2-SSB:106, P6-SSB:106, BC-SSB:112, CDD-SSB:72]
  SNR -1 dB, common drops=890, overall=3890/7000 (55.6%), rate=0.322 drops/s, elapsed=03:21:12, remaining=02:40:51, finish_utc=2026-09-21T21:46:40+00:00, errors=[B-SSB:168, P2-SSB:107, P6-SSB:107, BC-SSB:113, CDD-SSB:72]
  SNR -1 dB, common drops=900, overall=3900/7000 (55.7%), rate=0.322 drops/s, elapsed=03:21:42, remaining=02:40:19, finish_utc=2026-09-21T21:46:39+00:00, errors=[B-SSB:171, P2-SSB:108, P6-SSB:108, BC-SSB:115, CDD-SSB:73]
  SNR -1 dB, common drops=910, overall=3910/7000 (55.9%), rate=0.322 drops/s, elapsed=03:22:12, remaining=02:39:47, finish_utc=2026-09-21T21:46:37+00:00, errors=[B-SSB:171, P2-SSB:108, P6-SSB:108, BC-SSB:115, CDD-SSB:73]
  SNR -1 dB, common drops=920, overall=3920/7000 (56.0%), rate=0.322 drops/s, elapsed=03:22:42, remaining=02:39:16, finish_utc=2026-09-21T21:46:35+00:00, errors=[B-SSB:174, P2-SSB:110, P6-SSB:109, BC-SSB:116, CDD-SSB:74]
  SNR -1 dB, common drops=930, overall=3930/7000 (56.1%), rate=0.322 drops/s, elapsed=03:23:11, remaining=02:38:44, finish_utc=2026-09-21T21:46:32+00:00, errors=[B-SSB:178, P2-SSB:112, P6-SSB:111, BC-SSB:118, CDD-SSB:75]
  SNR -1 dB, common drops=940, overall=3940/7000 (56.3%), rate=0.322 drops/s, elapsed=03:23:42, remaining=02:38:12, finish_utc=2026-09-21T21:46:31+00:00, errors=[B-SSB:180, P2-SSB:114, P6-SSB:113, BC-SSB:119, CDD-SSB:75]
  SNR -1 dB, common drops=950, overall=3950/7000 (56.4%), rate=0.322 drops/s, elapsed=03:24:14, remaining=02:37:42, finish_utc=2026-09-21T21:46:34+00:00, errors=[B-SSB:181, P2-SSB:114, P6-SSB:113, BC-SSB:119, CDD-SSB:75]
  SNR -1 dB, common drops=960, overall=3960/7000 (56.6%), rate=0.322 drops/s, elapsed=03:24:47, remaining=02:37:12, finish_utc=2026-09-21T21:46:37+00:00, errors=[B-SSB:184, P2-SSB:116, P6-SSB:115, BC-SSB:122, CDD-SSB:76]
  SNR -1 dB, common drops=970, overall=3970/7000 (56.7%), rate=0.322 drops/s, elapsed=03:25:17, remaining=02:36:40, finish_utc=2026-09-21T21:46:34+00:00, errors=[B-SSB:184, P2-SSB:116, P6-SSB:115, BC-SSB:122, CDD-SSB:76]
  SNR -1 dB, common drops=980, overall=3980/7000 (56.9%), rate=0.322 drops/s, elapsed=03:25:47, remaining=02:36:08, finish_utc=2026-09-21T21:46:33+00:00, errors=[B-SSB:184, P2-SSB:116, P6-SSB:115, BC-SSB:123, CDD-SSB:77]
  SNR -1 dB, common drops=990, overall=3990/7000 (57.0%), rate=0.322 drops/s, elapsed=03:26:16, remaining=02:35:37, finish_utc=2026-09-21T21:46:30+00:00, errors=[B-SSB:187, P2-SSB:119, P6-SSB:118, BC-SSB:125, CDD-SSB:78]
  SNR -1 dB, common drops=1000, overall=4000/7000 (57.1%), rate=0.322 drops/s, elapsed=03:26:46, remaining=02:35:05, finish_utc=2026-09-21T21:46:28+00:00, errors=[B-SSB:188, P2-SSB:121, P6-SSB:120, BC-SSB:126, CDD-SSB:79]
SNR -1 dB complete: drops=1000
SNR -0.5 dB starting/resuming at 0 common drops
  SNR -0.5 dB, common drops=10, overall=4010/7000 (57.3%), rate=0.322 drops/s, elapsed=03:27:19, remaining=02:34:35, finish_utc=2026-09-21T21:46:32+00:00, errors=[B-SSB:1, P2-SSB:1, P6-SSB:1, BC-SSB:1, CDD-SSB:1]
  SNR -0.5 dB, common drops=20, overall=4020/7000 (57.4%), rate=0.322 drops/s, elapsed=03:27:50, remaining=02:34:04, finish_utc=2026-09-21T21:46:32+00:00, errors=[B-SSB:1, P2-SSB:1, P6-SSB:2, BC-SSB:1, CDD-SSB:1]
  SNR -0.5 dB, common drops=30, overall=4030/7000 (57.6%), rate=0.322 drops/s, elapsed=03:28:20, remaining=02:33:32, finish_utc=2026-09-21T21:46:30+00:00, errors=[B-SSB:1, P2-SSB:1, P6-SSB:2, BC-SSB:1, CDD-SSB:1]
  SNR -0.5 dB, common drops=40, overall=4040/7000 (57.7%), rate=0.322 drops/s, elapsed=03:28:50, remaining=02:33:00, finish_utc=2026-09-21T21:46:28+00:00, errors=[B-SSB:2, P2-SSB:2, P6-SSB:3, BC-SSB:1, CDD-SSB:1]
  SNR -0.5 dB, common drops=50, overall=4050/7000 (57.9%), rate=0.322 drops/s, elapsed=03:29:20, remaining=02:32:28, finish_utc=2026-09-21T21:46:26+00:00, errors=[B-SSB:2, P2-SSB:2, P6-SSB:3, BC-SSB:1, CDD-SSB:2]
  SNR -0.5 dB, common drops=60, overall=4060/7000 (58.0%), rate=0.322 drops/s, elapsed=03:29:50, remaining=02:31:57, finish_utc=2026-09-21T21:46:24+00:00, errors=[B-SSB:4, P2-SSB:2, P6-SSB:3, BC-SSB:2, CDD-SSB:2]
  SNR -0.5 dB, common drops=70, overall=4070/7000 (58.1%), rate=0.322 drops/s, elapsed=03:30:24, remaining=02:31:28, finish_utc=2026-09-21T21:46:30+00:00, errors=[B-SSB:6, P2-SSB:3, P6-SSB:4, BC-SSB:2, CDD-SSB:2]
  SNR -0.5 dB, common drops=80, overall=4080/7000 (58.3%), rate=0.322 drops/s, elapsed=03:30:59, remaining=02:31:00, finish_utc=2026-09-21T21:46:36+00:00, errors=[B-SSB:6, P2-SSB:3, P6-SSB:5, BC-SSB:2, CDD-SSB:2]
  SNR -0.5 dB, common drops=90, overall=4090/7000 (58.4%), rate=0.322 drops/s, elapsed=03:31:29, remaining=02:30:28, finish_utc=2026-09-21T21:46:34+00:00, errors=[B-SSB:9, P2-SSB:3, P6-SSB:5, BC-SSB:4, CDD-SSB:3]
  SNR -0.5 dB, common drops=100, overall=4100/7000 (58.6%), rate=0.322 drops/s, elapsed=03:31:59, remaining=02:29:56, finish_utc=2026-09-21T21:46:32+00:00, errors=[B-SSB:10, P2-SSB:4, P6-SSB:6, BC-SSB:4, CDD-SSB:4]
  SNR -0.5 dB, common drops=110, overall=4110/7000 (58.7%), rate=0.322 drops/s, elapsed=03:32:28, remaining=02:29:24, finish_utc=2026-09-21T21:46:30+00:00, errors=[B-SSB:11, P2-SSB:5, P6-SSB:7, BC-SSB:5, CDD-SSB:4]
  SNR -0.5 dB, common drops=120, overall=4120/7000 (58.9%), rate=0.322 drops/s, elapsed=03:32:58, remaining=02:28:52, finish_utc=2026-09-21T21:46:28+00:00, errors=[B-SSB:11, P2-SSB:6, P6-SSB:8, BC-SSB:6, CDD-SSB:4]
  SNR -0.5 dB, common drops=130, overall=4130/7000 (59.0%), rate=0.322 drops/s, elapsed=03:33:28, remaining=02:28:21, finish_utc=2026-09-21T21:46:26+00:00, errors=[B-SSB:14, P2-SSB:7, P6-SSB:10, BC-SSB:8, CDD-SSB:6]
  SNR -0.5 dB, common drops=140, overall=4140/7000 (59.1%), rate=0.322 drops/s, elapsed=03:34:02, remaining=02:27:51, finish_utc=2026-09-21T21:46:30+00:00, errors=[B-SSB:14, P2-SSB:7, P6-SSB:10, BC-SSB:8, CDD-SSB:6]
  SNR -0.5 dB, common drops=150, overall=4150/7000 (59.3%), rate=0.322 drops/s, elapsed=03:34:34, remaining=02:27:21, finish_utc=2026-09-21T21:46:32+00:00, errors=[B-SSB:17, P2-SSB:9, P6-SSB:12, BC-SSB:8, CDD-SSB:7]
  SNR -0.5 dB, common drops=160, overall=4160/7000 (59.4%), rate=0.322 drops/s, elapsed=03:35:04, remaining=02:26:49, finish_utc=2026-09-21T21:46:30+00:00, errors=[B-SSB:17, P2-SSB:10, P6-SSB:13, BC-SSB:8, CDD-SSB:7]
  SNR -0.5 dB, common drops=170, overall=4170/7000 (59.6%), rate=0.322 drops/s, elapsed=03:35:33, remaining=02:26:17, finish_utc=2026-09-21T21:46:28+00:00, errors=[B-SSB:17, P2-SSB:10, P6-SSB:13, BC-SSB:8, CDD-SSB:7]
  SNR -0.5 dB, common drops=180, overall=4180/7000 (59.7%), rate=0.322 drops/s, elapsed=03:36:03, remaining=02:25:45, finish_utc=2026-09-21T21:46:26+00:00, errors=[B-SSB:19, P2-SSB:12, P6-SSB:15, BC-SSB:9, CDD-SSB:7]
  SNR -0.5 dB, common drops=190, overall=4190/7000 (59.9%), rate=0.322 drops/s, elapsed=03:36:33, remaining=02:25:14, finish_utc=2026-09-21T21:46:24+00:00, errors=[B-SSB:22, P2-SSB:12, P6-SSB:15, BC-SSB:12, CDD-SSB:10]
  SNR -0.5 dB, common drops=200, overall=4200/7000 (60.0%), rate=0.322 drops/s, elapsed=03:37:04, remaining=02:24:43, finish_utc=2026-09-21T21:46:25+00:00, errors=[B-SSB:23, P2-SSB:12, P6-SSB:15, BC-SSB:13, CDD-SSB:10]
  SNR -0.5 dB, common drops=210, overall=4210/7000 (60.1%), rate=0.322 drops/s, elapsed=03:37:38, remaining=02:24:14, finish_utc=2026-09-21T21:46:29+00:00, errors=[B-SSB:24, P2-SSB:12, P6-SSB:15, BC-SSB:14, CDD-SSB:11]
  SNR -0.5 dB, common drops=220, overall=4220/7000 (60.3%), rate=0.322 drops/s, elapsed=03:38:08, remaining=02:23:42, finish_utc=2026-09-21T21:46:28+00:00, errors=[B-SSB:24, P2-SSB:13, P6-SSB:16, BC-SSB:15, CDD-SSB:12]
  SNR -0.5 dB, common drops=230, overall=4230/7000 (60.4%), rate=0.322 drops/s, elapsed=03:38:38, remaining=02:23:10, finish_utc=2026-09-21T21:46:26+00:00, errors=[B-SSB:24, P2-SSB:13, P6-SSB:16, BC-SSB:15, CDD-SSB:12]
  SNR -0.5 dB, common drops=240, overall=4240/7000 (60.6%), rate=0.322 drops/s, elapsed=03:39:08, remaining=02:22:39, finish_utc=2026-09-21T21:46:24+00:00, errors=[B-SSB:26, P2-SSB:13, P6-SSB:16, BC-SSB:17, CDD-SSB:13]
  SNR -0.5 dB, common drops=250, overall=4250/7000 (60.7%), rate=0.323 drops/s, elapsed=03:39:38, remaining=02:22:07, finish_utc=2026-09-21T21:46:22+00:00, errors=[B-SSB:27, P2-SSB:14, P6-SSB:17, BC-SSB:18, CDD-SSB:13]
  SNR -0.5 dB, common drops=260, overall=4260/7000 (60.9%), rate=0.323 drops/s, elapsed=03:40:08, remaining=02:21:36, finish_utc=2026-09-21T21:46:22+00:00, errors=[B-SSB:29, P2-SSB:16, P6-SSB:18, BC-SSB:20, CDD-SSB:14]
  SNR -0.5 dB, common drops=270, overall=4270/7000 (61.0%), rate=0.322 drops/s, elapsed=03:40:43, remaining=02:21:07, finish_utc=2026-09-21T21:46:27+00:00, errors=[B-SSB:31, P2-SSB:16, P6-SSB:19, BC-SSB:22, CDD-SSB:14]
  SNR -0.5 dB, common drops=280, overall=4280/7000 (61.1%), rate=0.322 drops/s, elapsed=03:41:14, remaining=02:20:36, finish_utc=2026-09-21T21:46:27+00:00, errors=[B-SSB:34, P2-SSB:19, P6-SSB:22, BC-SSB:23, CDD-SSB:14]
  SNR -0.5 dB, common drops=290, overall=4290/7000 (61.3%), rate=0.322 drops/s, elapsed=03:41:43, remaining=02:20:04, finish_utc=2026-09-21T21:46:25+00:00, errors=[B-SSB:35, P2-SSB:21, P6-SSB:24, BC-SSB:23, CDD-SSB:15]
  SNR -0.5 dB, common drops=300, overall=4300/7000 (61.4%), rate=0.323 drops/s, elapsed=03:42:13, remaining=02:19:32, finish_utc=2026-09-21T21:46:22+00:00, errors=[B-SSB:37, P2-SSB:22, P6-SSB:25, BC-SSB:25, CDD-SSB:17]
  SNR -0.5 dB, common drops=310, overall=4310/7000 (61.6%), rate=0.323 drops/s, elapsed=03:42:43, remaining=02:19:00, finish_utc=2026-09-21T21:46:20+00:00, errors=[B-SSB:40, P2-SSB:22, P6-SSB:25, BC-SSB:26, CDD-SSB:18]
  SNR -0.5 dB, common drops=320, overall=4320/7000 (61.7%), rate=0.323 drops/s, elapsed=03:43:13, remaining=02:18:28, finish_utc=2026-09-21T21:46:18+00:00, errors=[B-SSB:40, P2-SSB:22, P6-SSB:25, BC-SSB:27, CDD-SSB:19]
  SNR -0.5 dB, common drops=330, overall=4330/7000 (61.9%), rate=0.323 drops/s, elapsed=03:43:45, remaining=02:17:58, finish_utc=2026-09-21T21:46:21+00:00, errors=[B-SSB:41, P2-SSB:22, P6-SSB:25, BC-SSB:28, CDD-SSB:20]
  SNR -0.5 dB, common drops=340, overall=4340/7000 (62.0%), rate=0.322 drops/s, elapsed=03:44:19, remaining=02:17:29, finish_utc=2026-09-21T21:46:25+00:00, errors=[B-SSB:43, P2-SSB:23, P6-SSB:27, BC-SSB:30, CDD-SSB:21]
  SNR -0.5 dB, common drops=350, overall=4350/7000 (62.1%), rate=0.322 drops/s, elapsed=03:44:49, remaining=02:16:57, finish_utc=2026-09-21T21:46:23+00:00, errors=[B-SSB:44, P2-SSB:23, P6-SSB:27, BC-SSB:30, CDD-SSB:21]
  SNR -0.5 dB, common drops=360, overall=4360/7000 (62.3%), rate=0.323 drops/s, elapsed=03:45:18, remaining=02:16:25, finish_utc=2026-09-21T21:46:21+00:00, errors=[B-SSB:44, P2-SSB:23, P6-SSB:27, BC-SSB:31, CDD-SSB:21]
  SNR -0.5 dB, common drops=370, overall=4370/7000 (62.4%), rate=0.323 drops/s, elapsed=03:45:49, remaining=02:15:54, finish_utc=2026-09-21T21:46:20+00:00, errors=[B-SSB:44, P2-SSB:23, P6-SSB:27, BC-SSB:31, CDD-SSB:21]
  SNR -0.5 dB, common drops=380, overall=4380/7000 (62.6%), rate=0.323 drops/s, elapsed=03:46:18, remaining=02:15:22, finish_utc=2026-09-21T21:46:18+00:00, errors=[B-SSB:45, P2-SSB:24, P6-SSB:28, BC-SSB:31, CDD-SSB:21]
  SNR -0.5 dB, common drops=390, overall=4390/7000 (62.7%), rate=0.323 drops/s, elapsed=03:46:50, remaining=02:14:52, finish_utc=2026-09-21T21:46:20+00:00, errors=[B-SSB:46, P2-SSB:24, P6-SSB:28, BC-SSB:32, CDD-SSB:22]
  SNR -0.5 dB, common drops=400, overall=4400/7000 (62.9%), rate=0.322 drops/s, elapsed=03:47:24, remaining=02:14:23, finish_utc=2026-09-21T21:46:24+00:00, errors=[B-SSB:46, P2-SSB:24, P6-SSB:28, BC-SSB:33, CDD-SSB:23]
  SNR -0.5 dB, common drops=410, overall=4410/7000 (63.0%), rate=0.322 drops/s, elapsed=03:47:55, remaining=02:13:51, finish_utc=2026-09-21T21:46:24+00:00, errors=[B-SSB:48, P2-SSB:25, P6-SSB:29, BC-SSB:34, CDD-SSB:23]
  SNR -0.5 dB, common drops=420, overall=4420/7000 (63.1%), rate=0.323 drops/s, elapsed=03:48:25, remaining=02:13:20, finish_utc=2026-09-21T21:46:22+00:00, errors=[B-SSB:49, P2-SSB:25, P6-SSB:29, BC-SSB:35, CDD-SSB:24]
  SNR -0.5 dB, common drops=430, overall=4430/7000 (63.3%), rate=0.323 drops/s, elapsed=03:48:55, remaining=02:12:48, finish_utc=2026-09-21T21:46:20+00:00, errors=[B-SSB:49, P2-SSB:25, P6-SSB:29, BC-SSB:35, CDD-SSB:24]
  SNR -0.5 dB, common drops=440, overall=4440/7000 (63.4%), rate=0.323 drops/s, elapsed=03:49:24, remaining=02:12:16, finish_utc=2026-09-21T21:46:18+00:00, errors=[B-SSB:49, P2-SSB:25, P6-SSB:29, BC-SSB:35, CDD-SSB:24]
  SNR -0.5 dB, common drops=450, overall=4450/7000 (63.6%), rate=0.323 drops/s, elapsed=03:49:57, remaining=02:11:46, finish_utc=2026-09-21T21:46:20+00:00, errors=[B-SSB:51, P2-SSB:26, P6-SSB:30, BC-SSB:37, CDD-SSB:25]
  SNR -0.5 dB, common drops=460, overall=4460/7000 (63.7%), rate=0.322 drops/s, elapsed=03:50:31, remaining=02:11:17, finish_utc=2026-09-21T21:46:25+00:00, errors=[B-SSB:52, P2-SSB:27, P6-SSB:31, BC-SSB:38, CDD-SSB:25]
  SNR -0.5 dB, common drops=470, overall=4470/7000 (63.9%), rate=0.322 drops/s, elapsed=03:51:01, remaining=02:10:45, finish_utc=2026-09-21T21:46:24+00:00, errors=[B-SSB:54, P2-SSB:28, P6-SSB:33, BC-SSB:40, CDD-SSB:25]
  SNR -0.5 dB, common drops=480, overall=4480/7000 (64.0%), rate=0.323 drops/s, elapsed=03:51:31, remaining=02:10:14, finish_utc=2026-09-21T21:46:22+00:00, errors=[B-SSB:57, P2-SSB:29, P6-SSB:35, BC-SSB:41, CDD-SSB:27]
  SNR -0.5 dB, common drops=490, overall=4490/7000 (64.1%), rate=0.323 drops/s, elapsed=03:52:01, remaining=02:09:42, finish_utc=2026-09-21T21:46:21+00:00, errors=[B-SSB:60, P2-SSB:30, P6-SSB:36, BC-SSB:42, CDD-SSB:27]
  SNR -0.5 dB, common drops=500, overall=4500/7000 (64.3%), rate=0.323 drops/s, elapsed=03:52:31, remaining=02:09:11, finish_utc=2026-09-21T21:46:19+00:00, errors=[B-SSB:62, P2-SSB:31, P6-SSB:37, BC-SSB:43, CDD-SSB:28]
  SNR -0.5 dB, common drops=510, overall=4510/7000 (64.4%), rate=0.323 drops/s, elapsed=03:53:02, remaining=02:08:39, finish_utc=2026-09-21T21:46:18+00:00, errors=[B-SSB:63, P2-SSB:32, P6-SSB:38, BC-SSB:44, CDD-SSB:28]
  SNR -0.5 dB, common drops=520, overall=4520/7000 (64.6%), rate=0.323 drops/s, elapsed=03:53:35, remaining=02:08:10, finish_utc=2026-09-21T21:46:23+00:00, errors=[B-SSB:66, P2-SSB:33, P6-SSB:39, BC-SSB:46, CDD-SSB:28]
  SNR -0.5 dB, common drops=530, overall=4530/7000 (64.7%), rate=0.323 drops/s, elapsed=03:54:06, remaining=02:07:39, finish_utc=2026-09-21T21:46:22+00:00, errors=[B-SSB:66, P2-SSB:33, P6-SSB:39, BC-SSB:46, CDD-SSB:28]
  SNR -0.5 dB, common drops=540, overall=4540/7000 (64.9%), rate=0.323 drops/s, elapsed=03:54:36, remaining=02:07:07, finish_utc=2026-09-21T21:46:20+00:00, errors=[B-SSB:67, P2-SSB:34, P6-SSB:40, BC-SSB:46, CDD-SSB:28]
  SNR -0.5 dB, common drops=550, overall=4550/7000 (65.0%), rate=0.323 drops/s, elapsed=03:55:06, remaining=02:06:35, finish_utc=2026-09-21T21:46:19+00:00, errors=[B-SSB:70, P2-SSB:35, P6-SSB:41, BC-SSB:48, CDD-SSB:29]
  SNR -0.5 dB, common drops=560, overall=4560/7000 (65.1%), rate=0.323 drops/s, elapsed=03:55:36, remaining=02:06:04, finish_utc=2026-09-21T21:46:17+00:00, errors=[B-SSB:71, P2-SSB:35, P6-SSB:41, BC-SSB:48, CDD-SSB:30]
  SNR -0.5 dB, common drops=570, overall=4570/7000 (65.3%), rate=0.323 drops/s, elapsed=03:56:06, remaining=02:05:32, finish_utc=2026-09-21T21:46:15+00:00, errors=[B-SSB:72, P2-SSB:36, P6-SSB:42, BC-SSB:49, CDD-SSB:31]
  SNR -0.5 dB, common drops=580, overall=4580/7000 (65.4%), rate=0.323 drops/s, elapsed=03:56:38, remaining=02:05:02, finish_utc=2026-09-21T21:46:17+00:00, errors=[B-SSB:75, P2-SSB:37, P6-SSB:43, BC-SSB:51, CDD-SSB:33]
  SNR -0.5 dB, common drops=590, overall=4590/7000 (65.6%), rate=0.323 drops/s, elapsed=03:57:11, remaining=02:04:32, finish_utc=2026-09-21T21:46:21+00:00, errors=[B-SSB:76, P2-SSB:38, P6-SSB:44, BC-SSB:52, CDD-SSB:34]
  SNR -0.5 dB, common drops=600, overall=4600/7000 (65.7%), rate=0.323 drops/s, elapsed=03:57:41, remaining=02:04:01, finish_utc=2026-09-21T21:46:19+00:00, errors=[B-SSB:76, P2-SSB:39, P6-SSB:45, BC-SSB:52, CDD-SSB:34]
  SNR -0.5 dB, common drops=610, overall=4610/7000 (65.9%), rate=0.323 drops/s, elapsed=03:58:11, remaining=02:03:29, finish_utc=2026-09-21T21:46:17+00:00, errors=[B-SSB:76, P2-SSB:39, P6-SSB:45, BC-SSB:53, CDD-SSB:34]
  SNR -0.5 dB, common drops=620, overall=4620/7000 (66.0%), rate=0.323 drops/s, elapsed=03:58:41, remaining=02:02:57, finish_utc=2026-09-21T21:46:15+00:00, errors=[B-SSB:77, P2-SSB:39, P6-SSB:45, BC-SSB:54, CDD-SSB:34]
  SNR -0.5 dB, common drops=630, overall=4630/7000 (66.1%), rate=0.323 drops/s, elapsed=03:59:10, remaining=02:02:26, finish_utc=2026-09-21T21:46:14+00:00, errors=[B-SSB:79, P2-SSB:41, P6-SSB:47, BC-SSB:56, CDD-SSB:36]
  SNR -0.5 dB, common drops=640, overall=4640/7000 (66.3%), rate=0.323 drops/s, elapsed=03:59:40, remaining=02:01:54, finish_utc=2026-09-21T21:46:12+00:00, errors=[B-SSB:81, P2-SSB:42, P6-SSB:48, BC-SSB:57, CDD-SSB:36]
  SNR -0.5 dB, common drops=650, overall=4650/7000 (66.4%), rate=0.323 drops/s, elapsed=04:00:13, remaining=02:01:24, finish_utc=2026-09-21T21:46:15+00:00, errors=[B-SSB:81, P2-SSB:42, P6-SSB:48, BC-SSB:57, CDD-SSB:36]
  SNR -0.5 dB, common drops=660, overall=4660/7000 (66.6%), rate=0.323 drops/s, elapsed=04:00:46, remaining=02:00:54, finish_utc=2026-09-21T21:46:17+00:00, errors=[B-SSB:83, P2-SSB:44, P6-SSB:50, BC-SSB:59, CDD-SSB:37]
  SNR -0.5 dB, common drops=670, overall=4670/7000 (66.7%), rate=0.323 drops/s, elapsed=04:01:15, remaining=02:00:22, finish_utc=2026-09-21T21:46:15+00:00, errors=[B-SSB:86, P2-SSB:44, P6-SSB:50, BC-SSB:62, CDD-SSB:38]
  SNR -0.5 dB, common drops=680, overall=4680/7000 (66.9%), rate=0.323 drops/s, elapsed=04:01:45, remaining=01:59:50, finish_utc=2026-09-21T21:46:13+00:00, errors=[B-SSB:88, P2-SSB:45, P6-SSB:52, BC-SSB:64, CDD-SSB:38]
  SNR -0.5 dB, common drops=690, overall=4690/7000 (67.0%), rate=0.323 drops/s, elapsed=04:02:15, remaining=01:59:19, finish_utc=2026-09-21T21:46:11+00:00, errors=[B-SSB:89, P2-SSB:46, P6-SSB:53, BC-SSB:64, CDD-SSB:39]
  SNR -0.5 dB, common drops=700, overall=4700/7000 (67.1%), rate=0.323 drops/s, elapsed=04:02:45, remaining=01:58:47, finish_utc=2026-09-21T21:46:09+00:00, errors=[B-SSB:90, P2-SSB:48, P6-SSB:55, BC-SSB:65, CDD-SSB:39]
  SNR -0.5 dB, common drops=710, overall=4710/7000 (67.3%), rate=0.323 drops/s, elapsed=04:03:17, remaining=01:58:17, finish_utc=2026-09-21T21:46:11+00:00, errors=[B-SSB:91, P2-SSB:48, P6-SSB:55, BC-SSB:66, CDD-SSB:39]
  SNR -0.5 dB, common drops=720, overall=4720/7000 (67.4%), rate=0.323 drops/s, elapsed=04:03:51, remaining=01:57:47, finish_utc=2026-09-21T21:46:16+00:00, errors=[B-SSB:92, P2-SSB:49, P6-SSB:56, BC-SSB:68, CDD-SSB:41]
  SNR -0.5 dB, common drops=730, overall=4730/7000 (67.6%), rate=0.323 drops/s, elapsed=04:04:21, remaining=01:57:16, finish_utc=2026-09-21T21:46:15+00:00, errors=[B-SSB:92, P2-SSB:49, P6-SSB:56, BC-SSB:68, CDD-SSB:41]
  SNR -0.5 dB, common drops=740, overall=4740/7000 (67.7%), rate=0.323 drops/s, elapsed=04:04:51, remaining=01:56:44, finish_utc=2026-09-21T21:46:13+00:00, errors=[B-SSB:95, P2-SSB:50, P6-SSB:57, BC-SSB:69, CDD-SSB:43]
  SNR -0.5 dB, common drops=750, overall=4750/7000 (67.9%), rate=0.323 drops/s, elapsed=04:05:21, remaining=01:56:13, finish_utc=2026-09-21T21:46:11+00:00, errors=[B-SSB:97, P2-SSB:51, P6-SSB:58, BC-SSB:69, CDD-SSB:43]
  SNR -0.5 dB, common drops=760, overall=4760/7000 (68.0%), rate=0.323 drops/s, elapsed=04:05:51, remaining=01:55:42, finish_utc=2026-09-21T21:46:10+00:00, errors=[B-SSB:97, P2-SSB:51, P6-SSB:58, BC-SSB:69, CDD-SSB:43]
  SNR -0.5 dB, common drops=770, overall=4770/7000 (68.1%), rate=0.323 drops/s, elapsed=04:06:21, remaining=01:55:10, finish_utc=2026-09-21T21:46:09+00:00, errors=[B-SSB:100, P2-SSB:53, P6-SSB:61, BC-SSB:72, CDD-SSB:46]
  SNR -0.5 dB, common drops=780, overall=4780/7000 (68.3%), rate=0.323 drops/s, elapsed=04:06:55, remaining=01:54:41, finish_utc=2026-09-21T21:46:14+00:00, errors=[B-SSB:101, P2-SSB:53, P6-SSB:61, BC-SSB:72, CDD-SSB:46]
  SNR -0.5 dB, common drops=790, overall=4790/7000 (68.4%), rate=0.323 drops/s, elapsed=04:07:26, remaining=01:54:10, finish_utc=2026-09-21T21:46:14+00:00, errors=[B-SSB:103, P2-SSB:53, P6-SSB:61, BC-SSB:74, CDD-SSB:48]
  SNR -0.5 dB, common drops=800, overall=4800/7000 (68.6%), rate=0.323 drops/s, elapsed=04:07:56, remaining=01:53:38, finish_utc=2026-09-21T21:46:12+00:00, errors=[B-SSB:107, P2-SSB:56, P6-SSB:64, BC-SSB:77, CDD-SSB:50]
  SNR -0.5 dB, common drops=810, overall=4810/7000 (68.7%), rate=0.323 drops/s, elapsed=04:08:26, remaining=01:53:07, finish_utc=2026-09-21T21:46:10+00:00, errors=[B-SSB:109, P2-SSB:57, P6-SSB:65, BC-SSB:79, CDD-SSB:51]
  SNR -0.5 dB, common drops=820, overall=4820/7000 (68.9%), rate=0.323 drops/s, elapsed=04:08:56, remaining=01:52:35, finish_utc=2026-09-21T21:46:08+00:00, errors=[B-SSB:110, P2-SSB:58, P6-SSB:66, BC-SSB:80, CDD-SSB:51]
  SNR -0.5 dB, common drops=830, overall=4830/7000 (69.0%), rate=0.323 drops/s, elapsed=04:09:26, remaining=01:52:04, finish_utc=2026-09-21T21:46:07+00:00, errors=[B-SSB:114, P2-SSB:59, P6-SSB:67, BC-SSB:83, CDD-SSB:53]
  SNR -0.5 dB, common drops=840, overall=4840/7000 (69.1%), rate=0.323 drops/s, elapsed=04:09:59, remaining=01:51:34, finish_utc=2026-09-21T21:46:10+00:00, errors=[B-SSB:115, P2-SSB:59, P6-SSB:67, BC-SSB:83, CDD-SSB:53]
  SNR -0.5 dB, common drops=850, overall=4850/7000 (69.3%), rate=0.323 drops/s, elapsed=04:10:34, remaining=01:51:04, finish_utc=2026-09-21T21:46:16+00:00, errors=[B-SSB:116, P2-SSB:59, P6-SSB:67, BC-SSB:83, CDD-SSB:55]
  SNR -0.5 dB, common drops=860, overall=4860/7000 (69.4%), rate=0.323 drops/s, elapsed=04:11:04, remaining=01:50:33, finish_utc=2026-09-21T21:46:14+00:00, errors=[B-SSB:117, P2-SSB:60, P6-SSB:68, BC-SSB:84, CDD-SSB:56]
  SNR -0.5 dB, common drops=870, overall=4870/7000 (69.6%), rate=0.323 drops/s, elapsed=04:11:34, remaining=01:50:01, finish_utc=2026-09-21T21:46:13+00:00, errors=[B-SSB:119, P2-SSB:61, P6-SSB:69, BC-SSB:85, CDD-SSB:57]
  SNR -0.5 dB, common drops=880, overall=4880/7000 (69.7%), rate=0.323 drops/s, elapsed=04:12:03, remaining=01:49:30, finish_utc=2026-09-21T21:46:11+00:00, errors=[B-SSB:122, P2-SSB:62, P6-SSB:70, BC-SSB:87, CDD-SSB:58]
  SNR -0.5 dB, common drops=890, overall=4890/7000 (69.9%), rate=0.323 drops/s, elapsed=04:12:35, remaining=01:48:59, finish_utc=2026-09-21T21:46:12+00:00, errors=[B-SSB:123, P2-SSB:63, P6-SSB:71, BC-SSB:88, CDD-SSB:58]
  SNR -0.5 dB, common drops=900, overall=4900/7000 (70.0%), rate=0.323 drops/s, elapsed=04:13:08, remaining=01:48:29, finish_utc=2026-09-21T21:46:15+00:00, errors=[B-SSB:126, P2-SSB:64, P6-SSB:72, BC-SSB:89, CDD-SSB:59]
  SNR -0.5 dB, common drops=910, overall=4910/7000 (70.1%), rate=0.323 drops/s, elapsed=04:13:38, remaining=01:47:58, finish_utc=2026-09-21T21:46:14+00:00, errors=[B-SSB:126, P2-SSB:64, P6-SSB:72, BC-SSB:89, CDD-SSB:59]
  SNR -0.5 dB, common drops=920, overall=4920/7000 (70.3%), rate=0.323 drops/s, elapsed=04:14:08, remaining=01:47:26, finish_utc=2026-09-21T21:46:12+00:00, errors=[B-SSB:127, P2-SSB:65, P6-SSB:73, BC-SSB:90, CDD-SSB:60]
  SNR -0.5 dB, common drops=930, overall=4930/7000 (70.4%), rate=0.323 drops/s, elapsed=04:14:38, remaining=01:46:55, finish_utc=2026-09-21T21:46:10+00:00, errors=[B-SSB:129, P2-SSB:66, P6-SSB:74, BC-SSB:90, CDD-SSB:60]
  SNR -0.5 dB, common drops=940, overall=4940/7000 (70.6%), rate=0.323 drops/s, elapsed=04:15:08, remaining=01:46:23, finish_utc=2026-09-21T21:46:09+00:00, errors=[B-SSB:131, P2-SSB:68, P6-SSB:76, BC-SSB:90, CDD-SSB:60]
  SNR -0.5 dB, common drops=950, overall=4950/7000 (70.7%), rate=0.323 drops/s, elapsed=04:15:40, remaining=01:45:53, finish_utc=2026-09-21T21:46:11+00:00, errors=[B-SSB:132, P2-SSB:68, P6-SSB:76, BC-SSB:91, CDD-SSB:60]
  SNR -0.5 dB, common drops=960, overall=4960/7000 (70.9%), rate=0.323 drops/s, elapsed=04:16:14, remaining=01:45:23, finish_utc=2026-09-21T21:46:15+00:00, errors=[B-SSB:134, P2-SSB:70, P6-SSB:78, BC-SSB:93, CDD-SSB:61]
  SNR -0.5 dB, common drops=970, overall=4970/7000 (71.0%), rate=0.323 drops/s, elapsed=04:16:44, remaining=01:44:52, finish_utc=2026-09-21T21:46:13+00:00, errors=[B-SSB:134, P2-SSB:70, P6-SSB:78, BC-SSB:93, CDD-SSB:61]
  SNR -0.5 dB, common drops=980, overall=4980/7000 (71.1%), rate=0.323 drops/s, elapsed=04:17:14, remaining=01:44:20, finish_utc=2026-09-21T21:46:11+00:00, errors=[B-SSB:134, P2-SSB:70, P6-SSB:78, BC-SSB:94, CDD-SSB:61]
  SNR -0.5 dB, common drops=990, overall=4990/7000 (71.3%), rate=0.323 drops/s, elapsed=04:17:43, remaining=01:43:49, finish_utc=2026-09-21T21:46:10+00:00, errors=[B-SSB:137, P2-SSB:73, P6-SSB:81, BC-SSB:95, CDD-SSB:61]
  SNR -0.5 dB, common drops=1000, overall=5000/7000 (71.4%), rate=0.323 drops/s, elapsed=04:18:13, remaining=01:43:17, finish_utc=2026-09-21T21:46:08+00:00, errors=[B-SSB:137, P2-SSB:74, P6-SSB:82, BC-SSB:96, CDD-SSB:61]
SNR -0.5 dB complete: drops=1000
SNR 0 dB starting/resuming at 0 common drops
  SNR 0 dB, common drops=10, overall=5010/7000 (71.6%), rate=0.323 drops/s, elapsed=04:18:43, remaining=01:42:46, finish_utc=2026-09-21T21:46:06+00:00, errors=[B-SSB:1, P2-SSB:0, P6-SSB:0, BC-SSB:1, CDD-SSB:0]
  SNR 0 dB, common drops=20, overall=5020/7000 (71.7%), rate=0.323 drops/s, elapsed=04:19:15, remaining=01:42:15, finish_utc=2026-09-21T21:46:08+00:00, errors=[B-SSB:1, P2-SSB:0, P6-SSB:0, BC-SSB:1, CDD-SSB:0]
  SNR 0 dB, common drops=30, overall=5030/7000 (71.9%), rate=0.323 drops/s, elapsed=04:19:48, remaining=01:41:45, finish_utc=2026-09-21T21:46:11+00:00, errors=[B-SSB:1, P2-SSB:0, P6-SSB:0, BC-SSB:1, CDD-SSB:0]
  SNR 0 dB, common drops=40, overall=5040/7000 (72.0%), rate=0.323 drops/s, elapsed=04:20:18, remaining=01:41:14, finish_utc=2026-09-21T21:46:10+00:00, errors=[B-SSB:2, P2-SSB:0, P6-SSB:0, BC-SSB:1, CDD-SSB:0]
  SNR 0 dB, common drops=50, overall=5050/7000 (72.1%), rate=0.323 drops/s, elapsed=04:20:48, remaining=01:40:42, finish_utc=2026-09-21T21:46:08+00:00, errors=[B-SSB:2, P2-SSB:0, P6-SSB:0, BC-SSB:1, CDD-SSB:0]
  SNR 0 dB, common drops=60, overall=5060/7000 (72.3%), rate=0.323 drops/s, elapsed=04:21:18, remaining=01:40:11, finish_utc=2026-09-21T21:46:07+00:00, errors=[B-SSB:4, P2-SSB:0, P6-SSB:0, BC-SSB:2, CDD-SSB:0]
  SNR 0 dB, common drops=70, overall=5070/7000 (72.4%), rate=0.323 drops/s, elapsed=04:21:50, remaining=01:39:40, finish_utc=2026-09-21T21:46:08+00:00, errors=[B-SSB:5, P2-SSB:1, P6-SSB:1, BC-SSB:2, CDD-SSB:0]
  SNR 0 dB, common drops=80, overall=5080/7000 (72.6%), rate=0.323 drops/s, elapsed=04:22:24, remaining=01:39:10, finish_utc=2026-09-21T21:46:12+00:00, errors=[B-SSB:5, P2-SSB:1, P6-SSB:1, BC-SSB:2, CDD-SSB:0]
  SNR 0 dB, common drops=90, overall=5090/7000 (72.7%), rate=0.323 drops/s, elapsed=04:22:54, remaining=01:38:39, finish_utc=2026-09-21T21:46:11+00:00, errors=[B-SSB:7, P2-SSB:1, P6-SSB:1, BC-SSB:3, CDD-SSB:1]
  SNR 0 dB, common drops=100, overall=5100/7000 (72.9%), rate=0.323 drops/s, elapsed=04:23:24, remaining=01:38:08, finish_utc=2026-09-21T21:46:09+00:00, errors=[B-SSB:8, P2-SSB:2, P6-SSB:2, BC-SSB:3, CDD-SSB:1]
  SNR 0 dB, common drops=110, overall=5110/7000 (73.0%), rate=0.323 drops/s, elapsed=04:23:54, remaining=01:37:36, finish_utc=2026-09-21T21:46:08+00:00, errors=[B-SSB:9, P2-SSB:3, P6-SSB:3, BC-SSB:4, CDD-SSB:1]
  SNR 0 dB, common drops=120, overall=5120/7000 (73.1%), rate=0.323 drops/s, elapsed=04:24:24, remaining=01:37:05, finish_utc=2026-09-21T21:46:07+00:00, errors=[B-SSB:9, P2-SSB:3, P6-SSB:4, BC-SSB:4, CDD-SSB:1]
  SNR 0 dB, common drops=130, overall=5130/7000 (73.3%), rate=0.323 drops/s, elapsed=04:24:54, remaining=01:36:34, finish_utc=2026-09-21T21:46:05+00:00, errors=[B-SSB:11, P2-SSB:3, P6-SSB:5, BC-SSB:5, CDD-SSB:3]
  SNR 0 dB, common drops=140, overall=5140/7000 (73.4%), rate=0.323 drops/s, elapsed=04:25:27, remaining=01:36:03, finish_utc=2026-09-21T21:46:08+00:00, errors=[B-SSB:11, P2-SSB:3, P6-SSB:5, BC-SSB:5, CDD-SSB:3]
  SNR 0 dB, common drops=150, overall=5150/7000 (73.6%), rate=0.323 drops/s, elapsed=04:26:00, remaining=01:35:33, finish_utc=2026-09-21T21:46:11+00:00, errors=[B-SSB:12, P2-SSB:4, P6-SSB:5, BC-SSB:5, CDD-SSB:3]
  SNR 0 dB, common drops=160, overall=5160/7000 (73.7%), rate=0.323 drops/s, elapsed=04:26:30, remaining=01:35:02, finish_utc=2026-09-21T21:46:09+00:00, errors=[B-SSB:12, P2-SSB:4, P6-SSB:6, BC-SSB:5, CDD-SSB:3]
  SNR 0 dB, common drops=170, overall=5170/7000 (73.9%), rate=0.323 drops/s, elapsed=04:27:00, remaining=01:34:30, finish_utc=2026-09-21T21:46:08+00:00, errors=[B-SSB:12, P2-SSB:4, P6-SSB:6, BC-SSB:5, CDD-SSB:3]
  SNR 0 dB, common drops=180, overall=5180/7000 (74.0%), rate=0.323 drops/s, elapsed=04:27:30, remaining=01:33:59, finish_utc=2026-09-21T21:46:06+00:00, errors=[B-SSB:13, P2-SSB:6, P6-SSB:8, BC-SSB:5, CDD-SSB:3]
  SNR 0 dB, common drops=190, overall=5190/7000 (74.1%), rate=0.323 drops/s, elapsed=04:27:59, remaining=01:33:28, finish_utc=2026-09-21T21:46:05+00:00, errors=[B-SSB:16, P2-SSB:6, P6-SSB:8, BC-SSB:7, CDD-SSB:5]
  SNR 0 dB, common drops=200, overall=5200/7000 (74.3%), rate=0.323 drops/s, elapsed=04:28:30, remaining=01:32:57, finish_utc=2026-09-21T21:46:04+00:00, errors=[B-SSB:17, P2-SSB:6, P6-SSB:8, BC-SSB:8, CDD-SSB:5]
  SNR 0 dB, common drops=210, overall=5210/7000 (74.4%), rate=0.323 drops/s, elapsed=04:29:04, remaining=01:32:27, finish_utc=2026-09-21T21:46:08+00:00, errors=[B-SSB:18, P2-SSB:6, P6-SSB:8, BC-SSB:8, CDD-SSB:5]
  SNR 0 dB, common drops=220, overall=5220/7000 (74.6%), rate=0.323 drops/s, elapsed=04:29:35, remaining=01:31:56, finish_utc=2026-09-21T21:46:08+00:00, errors=[B-SSB:18, P2-SSB:6, P6-SSB:8, BC-SSB:8, CDD-SSB:5]
  SNR 0 dB, common drops=230, overall=5230/7000 (74.7%), rate=0.323 drops/s, elapsed=04:30:05, remaining=01:31:24, finish_utc=2026-09-21T21:46:07+00:00, errors=[B-SSB:18, P2-SSB:6, P6-SSB:8, BC-SSB:8, CDD-SSB:5]
  SNR 0 dB, common drops=240, overall=5240/7000 (74.9%), rate=0.323 drops/s, elapsed=04:30:35, remaining=01:30:53, finish_utc=2026-09-21T21:46:06+00:00, errors=[B-SSB:19, P2-SSB:6, P6-SSB:8, BC-SSB:8, CDD-SSB:5]
  SNR 0 dB, common drops=250, overall=5250/7000 (75.0%), rate=0.323 drops/s, elapsed=04:31:10, remaining=01:30:23, finish_utc=2026-09-21T21:46:11+00:00, errors=[B-SSB:20, P2-SSB:7, P6-SSB:9, BC-SSB:9, CDD-SSB:5]
  SNR 0 dB, common drops=260, overall=5260/7000 (75.1%), rate=0.323 drops/s, elapsed=04:31:43, remaining=01:29:53, finish_utc=2026-09-21T21:46:14+00:00, errors=[B-SSB:22, P2-SSB:7, P6-SSB:9, BC-SSB:10, CDD-SSB:5]
  SNR 0 dB, common drops=270, overall=5270/7000 (75.3%), rate=0.323 drops/s, elapsed=04:32:13, remaining=01:29:22, finish_utc=2026-09-21T21:46:12+00:00, errors=[B-SSB:24, P2-SSB:7, P6-SSB:9, BC-SSB:11, CDD-SSB:5]
  SNR 0 dB, common drops=280, overall=5280/7000 (75.4%), rate=0.323 drops/s, elapsed=04:32:43, remaining=01:28:50, finish_utc=2026-09-21T21:46:11+00:00, errors=[B-SSB:26, P2-SSB:9, P6-SSB:11, BC-SSB:12, CDD-SSB:5]
  SNR 0 dB, common drops=290, overall=5290/7000 (75.6%), rate=0.323 drops/s, elapsed=04:33:13, remaining=01:28:19, finish_utc=2026-09-21T21:46:09+00:00, errors=[B-SSB:27, P2-SSB:9, P6-SSB:11, BC-SSB:12, CDD-SSB:5]
  SNR 0 dB, common drops=300, overall=5300/7000 (75.7%), rate=0.323 drops/s, elapsed=04:33:42, remaining=01:27:48, finish_utc=2026-09-21T21:46:08+00:00, errors=[B-SSB:29, P2-SSB:10, P6-SSB:12, BC-SSB:14, CDD-SSB:7]
  SNR 0 dB, common drops=310, overall=5310/7000 (75.9%), rate=0.323 drops/s, elapsed=04:34:14, remaining=01:27:17, finish_utc=2026-09-21T21:46:09+00:00, errors=[B-SSB:32, P2-SSB:11, P6-SSB:12, BC-SSB:15, CDD-SSB:8]
  SNR 0 dB, common drops=320, overall=5320/7000 (76.0%), rate=0.323 drops/s, elapsed=04:34:48, remaining=01:26:47, finish_utc=2026-09-21T21:46:12+00:00, errors=[B-SSB:32, P2-SSB:11, P6-SSB:12, BC-SSB:15, CDD-SSB:8]
  SNR 0 dB, common drops=330, overall=5330/7000 (76.1%), rate=0.323 drops/s, elapsed=04:35:19, remaining=01:26:16, finish_utc=2026-09-21T21:46:12+00:00, errors=[B-SSB:33, P2-SSB:11, P6-SSB:12, BC-SSB:16, CDD-SSB:8]
  SNR 0 dB, common drops=340, overall=5340/7000 (76.3%), rate=0.323 drops/s, elapsed=04:35:48, remaining=01:25:44, finish_utc=2026-09-21T21:46:10+00:00, errors=[B-SSB:35, P2-SSB:12, P6-SSB:13, BC-SSB:17, CDD-SSB:10]
  SNR 0 dB, common drops=350, overall=5350/7000 (76.4%), rate=0.323 drops/s, elapsed=04:36:18, remaining=01:25:13, finish_utc=2026-09-21T21:46:09+00:00, errors=[B-SSB:35, P2-SSB:12, P6-SSB:13, BC-SSB:17, CDD-SSB:10]
  SNR 0 dB, common drops=360, overall=5360/7000 (76.6%), rate=0.323 drops/s, elapsed=04:36:48, remaining=01:24:42, finish_utc=2026-09-21T21:46:07+00:00, errors=[B-SSB:35, P2-SSB:12, P6-SSB:13, BC-SSB:18, CDD-SSB:10]
  SNR 0 dB, common drops=370, overall=5370/7000 (76.7%), rate=0.323 drops/s, elapsed=04:37:18, remaining=01:24:10, finish_utc=2026-09-21T21:46:05+00:00, errors=[B-SSB:35, P2-SSB:12, P6-SSB:13, BC-SSB:18, CDD-SSB:10]
  SNR 0 dB, common drops=380, overall=5380/7000 (76.9%), rate=0.323 drops/s, elapsed=04:37:51, remaining=01:23:40, finish_utc=2026-09-21T21:46:08+00:00, errors=[B-SSB:35, P2-SSB:12, P6-SSB:13, BC-SSB:18, CDD-SSB:10]
  SNR 0 dB, common drops=390, overall=5390/7000 (77.0%), rate=0.323 drops/s, elapsed=04:38:23, remaining=01:23:09, finish_utc=2026-09-21T21:46:10+00:00, errors=[B-SSB:36, P2-SSB:12, P6-SSB:13, BC-SSB:18, CDD-SSB:11]
  SNR 0 dB, common drops=400, overall=5400/7000 (77.1%), rate=0.323 drops/s, elapsed=04:38:53, remaining=01:22:38, finish_utc=2026-09-21T21:46:08+00:00, errors=[B-SSB:36, P2-SSB:12, P6-SSB:13, BC-SSB:19, CDD-SSB:11]
  SNR 0 dB, common drops=410, overall=5410/7000 (77.3%), rate=0.323 drops/s, elapsed=04:39:23, remaining=01:22:07, finish_utc=2026-09-21T21:46:07+00:00, errors=[B-SSB:37, P2-SSB:13, P6-SSB:13, BC-SSB:19, CDD-SSB:11]
  SNR 0 dB, common drops=420, overall=5420/7000 (77.4%), rate=0.323 drops/s, elapsed=04:39:52, remaining=01:21:35, finish_utc=2026-09-21T21:46:05+00:00, errors=[B-SSB:38, P2-SSB:13, P6-SSB:13, BC-SSB:19, CDD-SSB:12]
  SNR 0 dB, common drops=430, overall=5430/7000 (77.6%), rate=0.323 drops/s, elapsed=04:40:23, remaining=01:21:04, finish_utc=2026-09-21T21:46:04+00:00, errors=[B-SSB:38, P2-SSB:13, P6-SSB:13, BC-SSB:19, CDD-SSB:12]
  SNR 0 dB, common drops=440, overall=5440/7000 (77.7%), rate=0.323 drops/s, elapsed=04:40:56, remaining=01:20:34, finish_utc=2026-09-21T21:46:08+00:00, errors=[B-SSB:38, P2-SSB:13, P6-SSB:13, BC-SSB:19, CDD-SSB:12]
  SNR 0 dB, common drops=450, overall=5450/7000 (77.9%), rate=0.323 drops/s, elapsed=04:41:28, remaining=01:20:03, finish_utc=2026-09-21T21:46:08+00:00, errors=[B-SSB:39, P2-SSB:13, P6-SSB:13, BC-SSB:20, CDD-SSB:12]
  SNR 0 dB, common drops=460, overall=5460/7000 (78.0%), rate=0.323 drops/s, elapsed=04:41:58, remaining=01:19:32, finish_utc=2026-09-21T21:46:07+00:00, errors=[B-SSB:40, P2-SSB:14, P6-SSB:14, BC-SSB:21, CDD-SSB:12]
  SNR 0 dB, common drops=470, overall=5470/7000 (78.1%), rate=0.323 drops/s, elapsed=04:42:27, remaining=01:19:00, finish_utc=2026-09-21T21:46:05+00:00, errors=[B-SSB:42, P2-SSB:15, P6-SSB:15, BC-SSB:22, CDD-SSB:12]
  SNR 0 dB, common drops=480, overall=5480/7000 (78.3%), rate=0.323 drops/s, elapsed=04:42:57, remaining=01:18:29, finish_utc=2026-09-21T21:46:04+00:00, errors=[B-SSB:44, P2-SSB:16, P6-SSB:16, BC-SSB:23, CDD-SSB:14]
  SNR 0 dB, common drops=490, overall=5490/7000 (78.4%), rate=0.323 drops/s, elapsed=04:43:27, remaining=01:17:58, finish_utc=2026-09-21T21:46:02+00:00, errors=[B-SSB:45, P2-SSB:17, P6-SSB:17, BC-SSB:24, CDD-SSB:14]
  SNR 0 dB, common drops=500, overall=5500/7000 (78.6%), rate=0.323 drops/s, elapsed=04:43:58, remaining=01:17:27, finish_utc=2026-09-21T21:46:02+00:00, errors=[B-SSB:47, P2-SSB:18, P6-SSB:18, BC-SSB:25, CDD-SSB:15]
  SNR 0 dB, common drops=510, overall=5510/7000 (78.7%), rate=0.323 drops/s, elapsed=04:44:31, remaining=01:16:56, finish_utc=2026-09-21T21:46:05+00:00, errors=[B-SSB:48, P2-SSB:19, P6-SSB:19, BC-SSB:26, CDD-SSB:15]
  SNR 0 dB, common drops=520, overall=5520/7000 (78.9%), rate=0.323 drops/s, elapsed=04:45:02, remaining=01:16:25, finish_utc=2026-09-21T21:46:04+00:00, errors=[B-SSB:51, P2-SSB:20, P6-SSB:20, BC-SSB:27, CDD-SSB:15]
  SNR 0 dB, common drops=530, overall=5530/7000 (79.0%), rate=0.323 drops/s, elapsed=04:45:31, remaining=01:15:54, finish_utc=2026-09-21T21:46:03+00:00, errors=[B-SSB:51, P2-SSB:20, P6-SSB:20, BC-SSB:27, CDD-SSB:15]
  SNR 0 dB, common drops=540, overall=5540/7000 (79.1%), rate=0.323 drops/s, elapsed=04:46:01, remaining=01:15:23, finish_utc=2026-09-21T21:46:02+00:00, errors=[B-SSB:52, P2-SSB:21, P6-SSB:21, BC-SSB:27, CDD-SSB:15]
  SNR 0 dB, common drops=550, overall=5550/7000 (79.3%), rate=0.323 drops/s, elapsed=04:46:31, remaining=01:14:51, finish_utc=2026-09-21T21:46:00+00:00, errors=[B-SSB:53, P2-SSB:21, P6-SSB:21, BC-SSB:27, CDD-SSB:15]
  SNR 0 dB, common drops=560, overall=5560/7000 (79.4%), rate=0.323 drops/s, elapsed=04:47:01, remaining=01:14:20, finish_utc=2026-09-21T21:45:58+00:00, errors=[B-SSB:53, P2-SSB:21, P6-SSB:21, BC-SSB:27, CDD-SSB:15]
  SNR 0 dB, common drops=570, overall=5570/7000 (79.6%), rate=0.323 drops/s, elapsed=04:47:34, remaining=01:13:50, finish_utc=2026-09-21T21:46:02+00:00, errors=[B-SSB:54, P2-SSB:22, P6-SSB:22, BC-SSB:28, CDD-SSB:15]
  SNR 0 dB, common drops=580, overall=5580/7000 (79.7%), rate=0.323 drops/s, elapsed=04:48:06, remaining=01:13:19, finish_utc=2026-09-21T21:46:02+00:00, errors=[B-SSB:57, P2-SSB:22, P6-SSB:22, BC-SSB:29, CDD-SSB:16]
  SNR 0 dB, common drops=590, overall=5590/7000 (79.9%), rate=0.323 drops/s, elapsed=04:48:35, remaining=01:12:48, finish_utc=2026-09-21T21:46:00+00:00, errors=[B-SSB:58, P2-SSB:23, P6-SSB:23, BC-SSB:30, CDD-SSB:17]
  SNR 0 dB, common drops=600, overall=5600/7000 (80.0%), rate=0.323 drops/s, elapsed=04:49:05, remaining=01:12:16, finish_utc=2026-09-21T21:45:59+00:00, errors=[B-SSB:58, P2-SSB:23, P6-SSB:23, BC-SSB:30, CDD-SSB:17]
  SNR 0 dB, common drops=610, overall=5610/7000 (80.1%), rate=0.323 drops/s, elapsed=04:49:35, remaining=01:11:45, finish_utc=2026-09-21T21:45:57+00:00, errors=[B-SSB:58, P2-SSB:23, P6-SSB:23, BC-SSB:30, CDD-SSB:17]
  SNR 0 dB, common drops=620, overall=5620/7000 (80.3%), rate=0.323 drops/s, elapsed=04:50:05, remaining=01:11:14, finish_utc=2026-09-21T21:45:56+00:00, errors=[B-SSB:59, P2-SSB:23, P6-SSB:23, BC-SSB:31, CDD-SSB:17]
  SNR 0 dB, common drops=630, overall=5630/7000 (80.4%), rate=0.323 drops/s, elapsed=04:50:39, remaining=01:10:43, finish_utc=2026-09-21T21:46:00+00:00, errors=[B-SSB:61, P2-SSB:23, P6-SSB:23, BC-SSB:33, CDD-SSB:19]
  SNR 0 dB, common drops=640, overall=5640/7000 (80.6%), rate=0.323 drops/s, elapsed=04:51:11, remaining=01:10:13, finish_utc=2026-09-21T21:46:01+00:00, errors=[B-SSB:63, P2-SSB:24, P6-SSB:24, BC-SSB:34, CDD-SSB:19]
  SNR 0 dB, common drops=650, overall=5650/7000 (80.7%), rate=0.323 drops/s, elapsed=04:51:41, remaining=01:09:42, finish_utc=2026-09-21T21:46:00+00:00, errors=[B-SSB:63, P2-SSB:24, P6-SSB:24, BC-SSB:34, CDD-SSB:19]
  SNR 0 dB, common drops=660, overall=5660/7000 (80.9%), rate=0.323 drops/s, elapsed=04:52:10, remaining=01:09:10, finish_utc=2026-09-21T21:45:58+00:00, errors=[B-SSB:65, P2-SSB:26, P6-SSB:25, BC-SSB:35, CDD-SSB:20]
  SNR 0 dB, common drops=670, overall=5670/7000 (81.0%), rate=0.323 drops/s, elapsed=04:52:40, remaining=01:08:39, finish_utc=2026-09-21T21:45:57+00:00, errors=[B-SSB:68, P2-SSB:26, P6-SSB:25, BC-SSB:37, CDD-SSB:21]
  SNR 0 dB, common drops=680, overall=5680/7000 (81.1%), rate=0.323 drops/s, elapsed=04:53:10, remaining=01:08:08, finish_utc=2026-09-21T21:45:55+00:00, errors=[B-SSB:70, P2-SSB:27, P6-SSB:26, BC-SSB:39, CDD-SSB:21]
  SNR 0 dB, common drops=690, overall=5690/7000 (81.3%), rate=0.323 drops/s, elapsed=04:53:42, remaining=01:07:37, finish_utc=2026-09-21T21:45:57+00:00, errors=[B-SSB:70, P2-SSB:27, P6-SSB:26, BC-SSB:39, CDD-SSB:21]
  SNR 0 dB, common drops=700, overall=5700/7000 (81.4%), rate=0.323 drops/s, elapsed=04:54:15, remaining=01:07:07, finish_utc=2026-09-21T21:45:59+00:00, errors=[B-SSB:71, P2-SSB:29, P6-SSB:28, BC-SSB:40, CDD-SSB:21]
  SNR 0 dB, common drops=710, overall=5710/7000 (81.6%), rate=0.323 drops/s, elapsed=04:54:45, remaining=01:06:35, finish_utc=2026-09-21T21:45:58+00:00, errors=[B-SSB:72, P2-SSB:29, P6-SSB:28, BC-SSB:40, CDD-SSB:21]
  SNR 0 dB, common drops=720, overall=5720/7000 (81.7%), rate=0.323 drops/s, elapsed=04:55:15, remaining=01:06:04, finish_utc=2026-09-21T21:45:56+00:00, errors=[B-SSB:73, P2-SSB:29, P6-SSB:28, BC-SSB:40, CDD-SSB:22]
  SNR 0 dB, common drops=730, overall=5730/7000 (81.9%), rate=0.323 drops/s, elapsed=04:55:45, remaining=01:05:33, finish_utc=2026-09-21T21:45:55+00:00, errors=[B-SSB:73, P2-SSB:29, P6-SSB:28, BC-SSB:40, CDD-SSB:22]
  SNR 0 dB, common drops=740, overall=5740/7000 (82.0%), rate=0.323 drops/s, elapsed=04:56:14, remaining=01:05:02, finish_utc=2026-09-21T21:45:54+00:00, errors=[B-SSB:74, P2-SSB:30, P6-SSB:29, BC-SSB:41, CDD-SSB:23]
  SNR 0 dB, common drops=750, overall=5750/7000 (82.1%), rate=0.323 drops/s, elapsed=04:56:45, remaining=01:04:31, finish_utc=2026-09-21T21:45:53+00:00, errors=[B-SSB:75, P2-SSB:31, P6-SSB:30, BC-SSB:41, CDD-SSB:23]
  SNR 0 dB, common drops=760, overall=5760/7000 (82.3%), rate=0.323 drops/s, elapsed=04:57:19, remaining=01:04:00, finish_utc=2026-09-21T21:45:57+00:00, errors=[B-SSB:75, P2-SSB:31, P6-SSB:30, BC-SSB:41, CDD-SSB:23]
  SNR 0 dB, common drops=770, overall=5770/7000 (82.4%), rate=0.323 drops/s, elapsed=04:57:50, remaining=01:03:29, finish_utc=2026-09-21T21:45:57+00:00, errors=[B-SSB:78, P2-SSB:33, P6-SSB:32, BC-SSB:44, CDD-SSB:25]
  SNR 0 dB, common drops=780, overall=5780/7000 (82.6%), rate=0.323 drops/s, elapsed=04:58:19, remaining=01:02:58, finish_utc=2026-09-21T21:45:55+00:00, errors=[B-SSB:79, P2-SSB:33, P6-SSB:32, BC-SSB:44, CDD-SSB:25]
  SNR 0 dB, common drops=790, overall=5790/7000 (82.7%), rate=0.323 drops/s, elapsed=04:58:49, remaining=01:02:27, finish_utc=2026-09-21T21:45:54+00:00, errors=[B-SSB:80, P2-SSB:33, P6-SSB:32, BC-SSB:45, CDD-SSB:27]
  SNR 0 dB, common drops=800, overall=5800/7000 (82.9%), rate=0.323 drops/s, elapsed=04:59:19, remaining=01:01:56, finish_utc=2026-09-21T21:45:52+00:00, errors=[B-SSB:83, P2-SSB:34, P6-SSB:33, BC-SSB:48, CDD-SSB:29]
  SNR 0 dB, common drops=810, overall=5810/7000 (83.0%), rate=0.323 drops/s, elapsed=04:59:49, remaining=01:01:25, finish_utc=2026-09-21T21:45:51+00:00, errors=[B-SSB:85, P2-SSB:35, P6-SSB:34, BC-SSB:49, CDD-SSB:30]
  SNR 0 dB, common drops=820, overall=5820/7000 (83.1%), rate=0.323 drops/s, elapsed=05:00:22, remaining=01:00:54, finish_utc=2026-09-21T21:45:53+00:00, errors=[B-SSB:85, P2-SSB:36, P6-SSB:35, BC-SSB:50, CDD-SSB:30]
  SNR 0 dB, common drops=830, overall=5830/7000 (83.3%), rate=0.323 drops/s, elapsed=05:00:55, remaining=01:00:23, finish_utc=2026-09-21T21:45:56+00:00, errors=[B-SSB:86, P2-SSB:37, P6-SSB:36, BC-SSB:51, CDD-SSB:31]
  SNR 0 dB, common drops=840, overall=5840/7000 (83.4%), rate=0.323 drops/s, elapsed=05:01:25, remaining=00:59:52, finish_utc=2026-09-21T21:45:54+00:00, errors=[B-SSB:87, P2-SSB:37, P6-SSB:36, BC-SSB:51, CDD-SSB:31]
  SNR 0 dB, common drops=850, overall=5850/7000 (83.6%), rate=0.323 drops/s, elapsed=05:01:54, remaining=00:59:21, finish_utc=2026-09-21T21:45:53+00:00, errors=[B-SSB:88, P2-SSB:37, P6-SSB:36, BC-SSB:51, CDD-SSB:31]
  SNR 0 dB, common drops=860, overall=5860/7000 (83.7%), rate=0.323 drops/s, elapsed=05:02:24, remaining=00:58:50, finish_utc=2026-09-21T21:45:52+00:00, errors=[B-SSB:89, P2-SSB:37, P6-SSB:36, BC-SSB:52, CDD-SSB:32]
  SNR 0 dB, common drops=870, overall=5870/7000 (83.9%), rate=0.323 drops/s, elapsed=05:02:54, remaining=00:58:19, finish_utc=2026-09-21T21:45:50+00:00, errors=[B-SSB:91, P2-SSB:38, P6-SSB:37, BC-SSB:53, CDD-SSB:32]
  SNR 0 dB, common drops=880, overall=5880/7000 (84.0%), rate=0.323 drops/s, elapsed=05:03:24, remaining=00:57:47, finish_utc=2026-09-21T21:45:49+00:00, errors=[B-SSB:92, P2-SSB:39, P6-SSB:38, BC-SSB:55, CDD-SSB:33]
  SNR 0 dB, common drops=890, overall=5890/7000 (84.1%), rate=0.323 drops/s, elapsed=05:03:55, remaining=00:57:17, finish_utc=2026-09-21T21:45:49+00:00, errors=[B-SSB:92, P2-SSB:39, P6-SSB:38, BC-SSB:56, CDD-SSB:33]
  SNR 0 dB, common drops=900, overall=5900/7000 (84.3%), rate=0.323 drops/s, elapsed=05:04:30, remaining=00:56:46, finish_utc=2026-09-21T21:45:53+00:00, errors=[B-SSB:94, P2-SSB:40, P6-SSB:39, BC-SSB:57, CDD-SSB:34]
  SNR 0 dB, common drops=910, overall=5910/7000 (84.4%), rate=0.323 drops/s, elapsed=05:05:00, remaining=00:56:15, finish_utc=2026-09-21T21:45:53+00:00, errors=[B-SSB:94, P2-SSB:40, P6-SSB:39, BC-SSB:57, CDD-SSB:34]
  SNR 0 dB, common drops=920, overall=5920/7000 (84.6%), rate=0.323 drops/s, elapsed=05:05:30, remaining=00:55:44, finish_utc=2026-09-21T21:45:52+00:00, errors=[B-SSB:95, P2-SSB:41, P6-SSB:40, BC-SSB:58, CDD-SSB:35]
  SNR 0 dB, common drops=930, overall=5930/7000 (84.7%), rate=0.323 drops/s, elapsed=05:06:00, remaining=00:55:13, finish_utc=2026-09-21T21:45:51+00:00, errors=[B-SSB:96, P2-SSB:41, P6-SSB:40, BC-SSB:58, CDD-SSB:35]
  SNR 0 dB, common drops=940, overall=5940/7000 (84.9%), rate=0.323 drops/s, elapsed=05:06:30, remaining=00:54:42, finish_utc=2026-09-21T21:45:49+00:00, errors=[B-SSB:97, P2-SSB:42, P6-SSB:40, BC-SSB:58, CDD-SSB:35]
  SNR 0 dB, common drops=950, overall=5950/7000 (85.0%), rate=0.323 drops/s, elapsed=05:07:00, remaining=00:54:11, finish_utc=2026-09-21T21:45:48+00:00, errors=[B-SSB:97, P2-SSB:42, P6-SSB:40, BC-SSB:58, CDD-SSB:35]
  SNR 0 dB, common drops=960, overall=5960/7000 (85.1%), rate=0.323 drops/s, elapsed=05:07:33, remaining=00:53:40, finish_utc=2026-09-21T21:45:51+00:00, errors=[B-SSB:98, P2-SSB:43, P6-SSB:41, BC-SSB:59, CDD-SSB:36]
  SNR 0 dB, common drops=970, overall=5970/7000 (85.3%), rate=0.323 drops/s, elapsed=05:08:05, remaining=00:53:09, finish_utc=2026-09-21T21:45:52+00:00, errors=[B-SSB:98, P2-SSB:43, P6-SSB:41, BC-SSB:59, CDD-SSB:36]
  SNR 0 dB, common drops=980, overall=5980/7000 (85.4%), rate=0.323 drops/s, elapsed=05:08:35, remaining=00:52:38, finish_utc=2026-09-21T21:45:51+00:00, errors=[B-SSB:98, P2-SSB:43, P6-SSB:41, BC-SSB:59, CDD-SSB:36]
  SNR 0 dB, common drops=990, overall=5990/7000 (85.6%), rate=0.323 drops/s, elapsed=05:09:05, remaining=00:52:07, finish_utc=2026-09-21T21:45:50+00:00, errors=[B-SSB:100, P2-SSB:44, P6-SSB:42, BC-SSB:60, CDD-SSB:36]
  SNR 0 dB, common drops=1000, overall=6000/7000 (85.7%), rate=0.323 drops/s, elapsed=05:09:35, remaining=00:51:36, finish_utc=2026-09-21T21:45:48+00:00, errors=[B-SSB:100, P2-SSB:44, P6-SSB:42, BC-SSB:60, CDD-SSB:36]
SNR 0 dB complete: drops=1000
SNR 0.5 dB starting/resuming at 0 common drops
  SNR 0.5 dB, common drops=10, overall=6010/7000 (85.9%), rate=0.323 drops/s, elapsed=05:10:07, remaining=00:51:05, finish_utc=2026-09-21T21:45:49+00:00, errors=[B-SSB:1, P2-SSB:0, P6-SSB:0, BC-SSB:1, CDD-SSB:0]
  SNR 0.5 dB, common drops=20, overall=6020/7000 (86.0%), rate=0.323 drops/s, elapsed=05:10:41, remaining=00:50:35, finish_utc=2026-09-21T21:45:53+00:00, errors=[B-SSB:1, P2-SSB:0, P6-SSB:0, BC-SSB:1, CDD-SSB:0]
  SNR 0.5 dB, common drops=30, overall=6030/7000 (86.1%), rate=0.323 drops/s, elapsed=05:11:12, remaining=00:50:04, finish_utc=2026-09-21T21:45:53+00:00, errors=[B-SSB:1, P2-SSB:0, P6-SSB:0, BC-SSB:1, CDD-SSB:0]
  SNR 0.5 dB, common drops=40, overall=6040/7000 (86.3%), rate=0.323 drops/s, elapsed=05:11:42, remaining=00:49:33, finish_utc=2026-09-21T21:45:52+00:00, errors=[B-SSB:1, P2-SSB:0, P6-SSB:0, BC-SSB:1, CDD-SSB:0]
  SNR 0.5 dB, common drops=50, overall=6050/7000 (86.4%), rate=0.323 drops/s, elapsed=05:12:12, remaining=00:49:01, finish_utc=2026-09-21T21:45:51+00:00, errors=[B-SSB:1, P2-SSB:0, P6-SSB:0, BC-SSB:1, CDD-SSB:0]
  SNR 0.5 dB, common drops=60, overall=6060/7000 (86.6%), rate=0.323 drops/s, elapsed=05:12:42, remaining=00:48:30, finish_utc=2026-09-21T21:45:50+00:00, errors=[B-SSB:3, P2-SSB:0, P6-SSB:0, BC-SSB:2, CDD-SSB:0]
  SNR 0.5 dB, common drops=70, overall=6070/7000 (86.7%), rate=0.323 drops/s, elapsed=05:13:12, remaining=00:47:59, finish_utc=2026-09-21T21:45:48+00:00, errors=[B-SSB:4, P2-SSB:0, P6-SSB:1, BC-SSB:2, CDD-SSB:0]
  SNR 0.5 dB, common drops=80, overall=6080/7000 (86.9%), rate=0.323 drops/s, elapsed=05:13:45, remaining=00:47:29, finish_utc=2026-09-21T21:45:52+00:00, errors=[B-SSB:4, P2-SSB:0, P6-SSB:1, BC-SSB:2, CDD-SSB:0]
  SNR 0.5 dB, common drops=90, overall=6090/7000 (87.0%), rate=0.323 drops/s, elapsed=05:14:17, remaining=00:46:58, finish_utc=2026-09-21T21:45:53+00:00, errors=[B-SSB:5, P2-SSB:0, P6-SSB:1, BC-SSB:3, CDD-SSB:0]
  SNR 0.5 dB, common drops=100, overall=6100/7000 (87.1%), rate=0.323 drops/s, elapsed=05:14:47, remaining=00:46:27, finish_utc=2026-09-21T21:45:51+00:00, errors=[B-SSB:6, P2-SSB:1, P6-SSB:2, BC-SSB:3, CDD-SSB:0]
  SNR 0.5 dB, common drops=110, overall=6110/7000 (87.3%), rate=0.323 drops/s, elapsed=05:15:17, remaining=00:45:56, finish_utc=2026-09-21T21:45:50+00:00, errors=[B-SSB:7, P2-SSB:2, P6-SSB:3, BC-SSB:4, CDD-SSB:0]
  SNR 0.5 dB, common drops=120, overall=6120/7000 (87.4%), rate=0.323 drops/s, elapsed=05:15:47, remaining=00:45:24, finish_utc=2026-09-21T21:45:49+00:00, errors=[B-SSB:7, P2-SSB:2, P6-SSB:3, BC-SSB:4, CDD-SSB:0]
  SNR 0.5 dB, common drops=130, overall=6130/7000 (87.6%), rate=0.323 drops/s, elapsed=05:16:17, remaining=00:44:53, finish_utc=2026-09-21T21:45:48+00:00, errors=[B-SSB:8, P2-SSB:2, P6-SSB:3, BC-SSB:5, CDD-SSB:2]
  SNR 0.5 dB, common drops=140, overall=6140/7000 (87.7%), rate=0.323 drops/s, elapsed=05:16:49, remaining=00:44:23, finish_utc=2026-09-21T21:45:50+00:00, errors=[B-SSB:8, P2-SSB:2, P6-SSB:3, BC-SSB:5, CDD-SSB:2]
  SNR 0.5 dB, common drops=150, overall=6150/7000 (87.9%), rate=0.323 drops/s, elapsed=05:17:22, remaining=00:43:52, finish_utc=2026-09-21T21:45:51+00:00, errors=[B-SSB:9, P2-SSB:2, P6-SSB:3, BC-SSB:5, CDD-SSB:2]
  SNR 0.5 dB, common drops=160, overall=6160/7000 (88.0%), rate=0.323 drops/s, elapsed=05:17:52, remaining=00:43:21, finish_utc=2026-09-21T21:45:50+00:00, errors=[B-SSB:9, P2-SSB:2, P6-SSB:3, BC-SSB:5, CDD-SSB:2]
  SNR 0.5 dB, common drops=170, overall=6170/7000 (88.1%), rate=0.323 drops/s, elapsed=05:18:22, remaining=00:42:50, finish_utc=2026-09-21T21:45:49+00:00, errors=[B-SSB:9, P2-SSB:2, P6-SSB:3, BC-SSB:5, CDD-SSB:2]
  SNR 0.5 dB, common drops=180, overall=6180/7000 (88.3%), rate=0.323 drops/s, elapsed=05:18:51, remaining=00:42:18, finish_utc=2026-09-21T21:45:47+00:00, errors=[B-SSB:10, P2-SSB:3, P6-SSB:4, BC-SSB:5, CDD-SSB:2]
  SNR 0.5 dB, common drops=190, overall=6190/7000 (88.4%), rate=0.323 drops/s, elapsed=05:19:21, remaining=00:41:47, finish_utc=2026-09-21T21:45:46+00:00, errors=[B-SSB:13, P2-SSB:3, P6-SSB:4, BC-SSB:7, CDD-SSB:4]
  SNR 0.5 dB, common drops=200, overall=6200/7000 (88.6%), rate=0.323 drops/s, elapsed=05:19:53, remaining=00:41:17, finish_utc=2026-09-21T21:45:47+00:00, errors=[B-SSB:14, P2-SSB:3, P6-SSB:4, BC-SSB:7, CDD-SSB:4]
  SNR 0.5 dB, common drops=210, overall=6210/7000 (88.7%), rate=0.323 drops/s, elapsed=05:20:27, remaining=00:40:46, finish_utc=2026-09-21T21:45:50+00:00, errors=[B-SSB:15, P2-SSB:3, P6-SSB:4, BC-SSB:7, CDD-SSB:4]
  SNR 0.5 dB, common drops=220, overall=6220/7000 (88.9%), rate=0.323 drops/s, elapsed=05:20:57, remaining=00:40:15, finish_utc=2026-09-21T21:45:49+00:00, errors=[B-SSB:15, P2-SSB:3, P6-SSB:4, BC-SSB:7, CDD-SSB:4]
  SNR 0.5 dB, common drops=230, overall=6230/7000 (89.0%), rate=0.323 drops/s, elapsed=05:21:27, remaining=00:39:44, finish_utc=2026-09-21T21:45:48+00:00, errors=[B-SSB:15, P2-SSB:3, P6-SSB:4, BC-SSB:7, CDD-SSB:4]
  SNR 0.5 dB, common drops=240, overall=6240/7000 (89.1%), rate=0.323 drops/s, elapsed=05:21:56, remaining=00:39:13, finish_utc=2026-09-21T21:45:47+00:00, errors=[B-SSB:15, P2-SSB:3, P6-SSB:4, BC-SSB:7, CDD-SSB:4]
  SNR 0.5 dB, common drops=250, overall=6250/7000 (89.3%), rate=0.323 drops/s, elapsed=05:22:26, remaining=00:38:42, finish_utc=2026-09-21T21:45:46+00:00, errors=[B-SSB:16, P2-SSB:4, P6-SSB:5, BC-SSB:7, CDD-SSB:4]
  SNR 0.5 dB, common drops=260, overall=6260/7000 (89.4%), rate=0.323 drops/s, elapsed=05:22:57, remaining=00:38:11, finish_utc=2026-09-21T21:45:45+00:00, errors=[B-SSB:18, P2-SSB:4, P6-SSB:5, BC-SSB:7, CDD-SSB:4]
  SNR 0.5 dB, common drops=270, overall=6270/7000 (89.6%), rate=0.323 drops/s, elapsed=05:23:31, remaining=00:37:40, finish_utc=2026-09-21T21:45:49+00:00, errors=[B-SSB:20, P2-SSB:4, P6-SSB:5, BC-SSB:7, CDD-SSB:4]
  SNR 0.5 dB, common drops=280, overall=6280/7000 (89.7%), rate=0.323 drops/s, elapsed=05:24:02, remaining=00:37:09, finish_utc=2026-09-21T21:45:49+00:00, errors=[B-SSB:21, P2-SSB:5, P6-SSB:6, BC-SSB:7, CDD-SSB:4]
  SNR 0.5 dB, common drops=290, overall=6290/7000 (89.9%), rate=0.323 drops/s, elapsed=05:24:32, remaining=00:36:38, finish_utc=2026-09-21T21:45:47+00:00, errors=[B-SSB:21, P2-SSB:5, P6-SSB:6, BC-SSB:7, CDD-SSB:4]
  SNR 0.5 dB, common drops=300, overall=6300/7000 (90.0%), rate=0.323 drops/s, elapsed=05:25:02, remaining=00:36:07, finish_utc=2026-09-21T21:45:46+00:00, errors=[B-SSB:23, P2-SSB:6, P6-SSB:7, BC-SSB:9, CDD-SSB:6]
  SNR 0.5 dB, common drops=310, overall=6310/7000 (90.1%), rate=0.323 drops/s, elapsed=05:25:32, remaining=00:35:36, finish_utc=2026-09-21T21:45:45+00:00, errors=[B-SSB:26, P2-SSB:6, P6-SSB:7, BC-SSB:10, CDD-SSB:7]
  SNR 0.5 dB, common drops=320, overall=6320/7000 (90.3%), rate=0.323 drops/s, elapsed=05:26:03, remaining=00:35:05, finish_utc=2026-09-21T21:45:46+00:00, errors=[B-SSB:26, P2-SSB:6, P6-SSB:7, BC-SSB:10, CDD-SSB:7]
  SNR 0.5 dB, common drops=330, overall=6330/7000 (90.4%), rate=0.323 drops/s, elapsed=05:26:37, remaining=00:34:34, finish_utc=2026-09-21T21:45:49+00:00, errors=[B-SSB:26, P2-SSB:6, P6-SSB:7, BC-SSB:11, CDD-SSB:7]
  SNR 0.5 dB, common drops=340, overall=6340/7000 (90.6%), rate=0.323 drops/s, elapsed=05:27:07, remaining=00:34:03, finish_utc=2026-09-21T21:45:48+00:00, errors=[B-SSB:26, P2-SSB:7, P6-SSB:8, BC-SSB:11, CDD-SSB:8]
  SNR 0.5 dB, common drops=350, overall=6350/7000 (90.7%), rate=0.323 drops/s, elapsed=05:27:37, remaining=00:33:32, finish_utc=2026-09-21T21:45:46+00:00, errors=[B-SSB:26, P2-SSB:7, P6-SSB:8, BC-SSB:11, CDD-SSB:8]
  SNR 0.5 dB, common drops=360, overall=6360/7000 (90.9%), rate=0.323 drops/s, elapsed=05:28:07, remaining=00:33:01, finish_utc=2026-09-21T21:45:45+00:00, errors=[B-SSB:26, P2-SSB:7, P6-SSB:8, BC-SSB:11, CDD-SSB:8]
  SNR 0.5 dB, common drops=370, overall=6370/7000 (91.0%), rate=0.323 drops/s, elapsed=05:28:36, remaining=00:32:30, finish_utc=2026-09-21T21:45:44+00:00, errors=[B-SSB:26, P2-SSB:7, P6-SSB:8, BC-SSB:11, CDD-SSB:8]
  SNR 0.5 dB, common drops=380, overall=6380/7000 (91.1%), rate=0.323 drops/s, elapsed=05:29:06, remaining=00:31:59, finish_utc=2026-09-21T21:45:43+00:00, errors=[B-SSB:26, P2-SSB:7, P6-SSB:8, BC-SSB:11, CDD-SSB:8]
  SNR 0.5 dB, common drops=390, overall=6390/7000 (91.3%), rate=0.323 drops/s, elapsed=05:29:41, remaining=00:31:28, finish_utc=2026-09-21T21:45:47+00:00, errors=[B-SSB:27, P2-SSB:7, P6-SSB:8, BC-SSB:12, CDD-SSB:8]
  SNR 0.5 dB, common drops=400, overall=6400/7000 (91.4%), rate=0.323 drops/s, elapsed=05:30:14, remaining=00:30:58, finish_utc=2026-09-21T21:45:49+00:00, errors=[B-SSB:27, P2-SSB:7, P6-SSB:8, BC-SSB:12, CDD-SSB:8]
  SNR 0.5 dB, common drops=410, overall=6410/7000 (91.6%), rate=0.323 drops/s, elapsed=05:30:44, remaining=00:30:26, finish_utc=2026-09-21T21:45:48+00:00, errors=[B-SSB:27, P2-SSB:7, P6-SSB:8, BC-SSB:12, CDD-SSB:8]
  SNR 0.5 dB, common drops=420, overall=6420/7000 (91.7%), rate=0.323 drops/s, elapsed=05:31:13, remaining=00:29:55, finish_utc=2026-09-21T21:45:46+00:00, errors=[B-SSB:27, P2-SSB:7, P6-SSB:8, BC-SSB:12, CDD-SSB:9]
  SNR 0.5 dB, common drops=430, overall=6430/7000 (91.9%), rate=0.323 drops/s, elapsed=05:31:45, remaining=00:29:25, finish_utc=2026-09-21T21:45:48+00:00, errors=[B-SSB:27, P2-SSB:7, P6-SSB:8, BC-SSB:12, CDD-SSB:9]
  SNR 0.5 dB, common drops=440, overall=6440/7000 (92.0%), rate=0.323 drops/s, elapsed=05:32:20, remaining=00:28:54, finish_utc=2026-09-21T21:45:51+00:00, errors=[B-SSB:27, P2-SSB:7, P6-SSB:8, BC-SSB:12, CDD-SSB:9]
  SNR 0.5 dB, common drops=450, overall=6450/7000 (92.1%), rate=0.323 drops/s, elapsed=05:32:51, remaining=00:28:23, finish_utc=2026-09-21T21:45:51+00:00, errors=[B-SSB:28, P2-SSB:7, P6-SSB:8, BC-SSB:13, CDD-SSB:9]
  SNR 0.5 dB, common drops=460, overall=6460/7000 (92.3%), rate=0.323 drops/s, elapsed=05:33:21, remaining=00:27:52, finish_utc=2026-09-21T21:45:50+00:00, errors=[B-SSB:29, P2-SSB:8, P6-SSB:9, BC-SSB:14, CDD-SSB:9]
  SNR 0.5 dB, common drops=470, overall=6470/7000 (92.4%), rate=0.323 drops/s, elapsed=05:33:50, remaining=00:27:21, finish_utc=2026-09-21T21:45:49+00:00, errors=[B-SSB:31, P2-SSB:9, P6-SSB:10, BC-SSB:15, CDD-SSB:9]
  SNR 0.5 dB, common drops=480, overall=6480/7000 (92.6%), rate=0.323 drops/s, elapsed=05:34:22, remaining=00:26:50, finish_utc=2026-09-21T21:45:49+00:00, errors=[B-SSB:32, P2-SSB:10, P6-SSB:11, BC-SSB:16, CDD-SSB:11]
  SNR 0.5 dB, common drops=490, overall=6490/7000 (92.7%), rate=0.323 drops/s, elapsed=05:34:56, remaining=00:26:19, finish_utc=2026-09-21T21:45:52+00:00, errors=[B-SSB:33, P2-SSB:11, P6-SSB:12, BC-SSB:17, CDD-SSB:11]
  SNR 0.5 dB, common drops=500, overall=6500/7000 (92.9%), rate=0.323 drops/s, elapsed=05:35:27, remaining=00:25:48, finish_utc=2026-09-21T21:45:53+00:00, errors=[B-SSB:34, P2-SSB:12, P6-SSB:13, BC-SSB:18, CDD-SSB:12]
  SNR 0.5 dB, common drops=510, overall=6510/7000 (93.0%), rate=0.323 drops/s, elapsed=05:35:57, remaining=00:25:17, finish_utc=2026-09-21T21:45:52+00:00, errors=[B-SSB:35, P2-SSB:13, P6-SSB:14, BC-SSB:18, CDD-SSB:12]
  SNR 0.5 dB, common drops=520, overall=6520/7000 (93.1%), rate=0.323 drops/s, elapsed=05:36:27, remaining=00:24:46, finish_utc=2026-09-21T21:45:51+00:00, errors=[B-SSB:37, P2-SSB:14, P6-SSB:15, BC-SSB:19, CDD-SSB:12]
  SNR 0.5 dB, common drops=530, overall=6530/7000 (93.3%), rate=0.323 drops/s, elapsed=05:36:58, remaining=00:24:15, finish_utc=2026-09-21T21:45:50+00:00, errors=[B-SSB:37, P2-SSB:14, P6-SSB:15, BC-SSB:19, CDD-SSB:12]
  SNR 0.5 dB, common drops=540, overall=6540/7000 (93.4%), rate=0.323 drops/s, elapsed=05:37:32, remaining=00:23:44, finish_utc=2026-09-21T21:45:54+00:00, errors=[B-SSB:38, P2-SSB:15, P6-SSB:16, BC-SSB:19, CDD-SSB:12]
  SNR 0.5 dB, common drops=550, overall=6550/7000 (93.6%), rate=0.323 drops/s, elapsed=05:38:04, remaining=00:23:14, finish_utc=2026-09-21T21:45:55+00:00, errors=[B-SSB:39, P2-SSB:15, P6-SSB:16, BC-SSB:19, CDD-SSB:12]
  SNR 0.5 dB, common drops=560, overall=6560/7000 (93.7%), rate=0.323 drops/s, elapsed=05:38:34, remaining=00:22:43, finish_utc=2026-09-21T21:45:54+00:00, errors=[B-SSB:39, P2-SSB:15, P6-SSB:16, BC-SSB:19, CDD-SSB:12]
  SNR 0.5 dB, common drops=570, overall=6570/7000 (93.9%), rate=0.323 drops/s, elapsed=05:39:04, remaining=00:22:11, finish_utc=2026-09-21T21:45:53+00:00, errors=[B-SSB:40, P2-SSB:15, P6-SSB:16, BC-SSB:20, CDD-SSB:12]
  SNR 0.5 dB, common drops=580, overall=6580/7000 (94.0%), rate=0.323 drops/s, elapsed=05:39:33, remaining=00:21:40, finish_utc=2026-09-21T21:45:51+00:00, errors=[B-SSB:42, P2-SSB:15, P6-SSB:16, BC-SSB:21, CDD-SSB:13]
  SNR 0.5 dB, common drops=590, overall=6590/7000 (94.1%), rate=0.323 drops/s, elapsed=05:40:07, remaining=00:21:10, finish_utc=2026-09-21T21:45:55+00:00, errors=[B-SSB:43, P2-SSB:15, P6-SSB:16, BC-SSB:22, CDD-SSB:14]
  SNR 0.5 dB, common drops=600, overall=6600/7000 (94.3%), rate=0.323 drops/s, elapsed=05:40:41, remaining=00:20:39, finish_utc=2026-09-21T21:45:57+00:00, errors=[B-SSB:43, P2-SSB:15, P6-SSB:16, BC-SSB:22, CDD-SSB:14]
  SNR 0.5 dB, common drops=610, overall=6610/7000 (94.4%), rate=0.323 drops/s, elapsed=05:41:11, remaining=00:20:08, finish_utc=2026-09-21T21:45:56+00:00, errors=[B-SSB:43, P2-SSB:15, P6-SSB:16, BC-SSB:22, CDD-SSB:14]
  SNR 0.5 dB, common drops=620, overall=6620/7000 (94.6%), rate=0.323 drops/s, elapsed=05:41:41, remaining=00:19:37, finish_utc=2026-09-21T21:45:55+00:00, errors=[B-SSB:44, P2-SSB:15, P6-SSB:16, BC-SSB:22, CDD-SSB:14]
  SNR 0.5 dB, common drops=630, overall=6630/7000 (94.7%), rate=0.323 drops/s, elapsed=05:42:12, remaining=00:19:06, finish_utc=2026-09-21T21:45:55+00:00, errors=[B-SSB:45, P2-SSB:15, P6-SSB:16, BC-SSB:22, CDD-SSB:15]
  SNR 0.5 dB, common drops=640, overall=6640/7000 (94.9%), rate=0.323 drops/s, elapsed=05:42:46, remaining=00:18:35, finish_utc=2026-09-21T21:45:58+00:00, errors=[B-SSB:47, P2-SSB:16, P6-SSB:17, BC-SSB:23, CDD-SSB:15]
  SNR 0.5 dB, common drops=650, overall=6650/7000 (95.0%), rate=0.323 drops/s, elapsed=05:43:18, remaining=00:18:04, finish_utc=2026-09-21T21:45:59+00:00, errors=[B-SSB:47, P2-SSB:16, P6-SSB:17, BC-SSB:23, CDD-SSB:15]
  SNR 0.5 dB, common drops=660, overall=6660/7000 (95.1%), rate=0.323 drops/s, elapsed=05:43:48, remaining=00:17:33, finish_utc=2026-09-21T21:45:58+00:00, errors=[B-SSB:49, P2-SSB:16, P6-SSB:17, BC-SSB:24, CDD-SSB:16]
  SNR 0.5 dB, common drops=670, overall=6670/7000 (95.3%), rate=0.323 drops/s, elapsed=05:44:18, remaining=00:17:02, finish_utc=2026-09-21T21:45:57+00:00, errors=[B-SSB:52, P2-SSB:16, P6-SSB:17, BC-SSB:25, CDD-SSB:17]
  SNR 0.5 dB, common drops=680, overall=6680/7000 (95.4%), rate=0.323 drops/s, elapsed=05:44:47, remaining=00:16:31, finish_utc=2026-09-21T21:45:56+00:00, errors=[B-SSB:54, P2-SSB:17, P6-SSB:18, BC-SSB:26, CDD-SSB:17]
  SNR 0.5 dB, common drops=690, overall=6690/7000 (95.6%), rate=0.323 drops/s, elapsed=05:45:19, remaining=00:16:00, finish_utc=2026-09-21T21:45:57+00:00, errors=[B-SSB:55, P2-SSB:18, P6-SSB:19, BC-SSB:26, CDD-SSB:17]
  SNR 0.5 dB, common drops=700, overall=6700/7000 (95.7%), rate=0.323 drops/s, elapsed=05:45:53, remaining=00:15:29, finish_utc=2026-09-21T21:46:00+00:00, errors=[B-SSB:56, P2-SSB:20, P6-SSB:21, BC-SSB:27, CDD-SSB:17]
  SNR 0.5 dB, common drops=710, overall=6710/7000 (95.9%), rate=0.323 drops/s, elapsed=05:46:23, remaining=00:14:58, finish_utc=2026-09-21T21:45:59+00:00, errors=[B-SSB:56, P2-SSB:20, P6-SSB:21, BC-SSB:27, CDD-SSB:17]
  SNR 0.5 dB, common drops=720, overall=6720/7000 (96.0%), rate=0.323 drops/s, elapsed=05:46:53, remaining=00:14:27, finish_utc=2026-09-21T21:45:58+00:00, errors=[B-SSB:56, P2-SSB:20, P6-SSB:21, BC-SSB:27, CDD-SSB:17]
  SNR 0.5 dB, common drops=730, overall=6730/7000 (96.1%), rate=0.323 drops/s, elapsed=05:47:23, remaining=00:13:56, finish_utc=2026-09-21T21:45:57+00:00, errors=[B-SSB:56, P2-SSB:20, P6-SSB:21, BC-SSB:27, CDD-SSB:17]
  SNR 0.5 dB, common drops=740, overall=6740/7000 (96.3%), rate=0.323 drops/s, elapsed=05:47:53, remaining=00:13:25, finish_utc=2026-09-21T21:45:56+00:00, errors=[B-SSB:56, P2-SSB:21, P6-SSB:22, BC-SSB:28, CDD-SSB:17]
  SNR 0.5 dB, common drops=750, overall=6750/7000 (96.4%), rate=0.323 drops/s, elapsed=05:48:27, remaining=00:12:54, finish_utc=2026-09-21T21:45:59+00:00, errors=[B-SSB:56, P2-SSB:22, P6-SSB:23, BC-SSB:28, CDD-SSB:17]
  SNR 0.5 dB, common drops=760, overall=6760/7000 (96.6%), rate=0.323 drops/s, elapsed=05:48:59, remaining=00:12:23, finish_utc=2026-09-21T21:46:00+00:00, errors=[B-SSB:56, P2-SSB:22, P6-SSB:23, BC-SSB:28, CDD-SSB:17]
  SNR 0.5 dB, common drops=770, overall=6770/7000 (96.7%), rate=0.323 drops/s, elapsed=05:49:29, remaining=00:11:52, finish_utc=2026-09-21T21:45:59+00:00, errors=[B-SSB:59, P2-SSB:24, P6-SSB:25, BC-SSB:30, CDD-SSB:18]
  SNR 0.5 dB, common drops=780, overall=6780/7000 (96.9%), rate=0.323 drops/s, elapsed=05:49:59, remaining=00:11:21, finish_utc=2026-09-21T21:45:58+00:00, errors=[B-SSB:60, P2-SSB:24, P6-SSB:25, BC-SSB:30, CDD-SSB:18]
  SNR 0.5 dB, common drops=790, overall=6790/7000 (97.0%), rate=0.323 drops/s, elapsed=05:50:29, remaining=00:10:50, finish_utc=2026-09-21T21:45:57+00:00, errors=[B-SSB:61, P2-SSB:24, P6-SSB:25, BC-SSB:31, CDD-SSB:20]
  SNR 0.5 dB, common drops=800, overall=6800/7000 (97.1%), rate=0.323 drops/s, elapsed=05:50:59, remaining=00:10:19, finish_utc=2026-09-21T21:45:56+00:00, errors=[B-SSB:64, P2-SSB:24, P6-SSB:25, BC-SSB:32, CDD-SSB:21]
  SNR 0.5 dB, common drops=810, overall=6810/7000 (97.3%), rate=0.323 drops/s, elapsed=05:51:33, remaining=00:09:49, finish_utc=2026-09-21T21:45:59+00:00, errors=[B-SSB:65, P2-SSB:25, P6-SSB:26, BC-SSB:33, CDD-SSB:21]
  SNR 0.5 dB, common drops=820, overall=6820/7000 (97.4%), rate=0.323 drops/s, elapsed=05:52:06, remaining=00:09:18, finish_utc=2026-09-21T21:46:01+00:00, errors=[B-SSB:65, P2-SSB:25, P6-SSB:26, BC-SSB:33, CDD-SSB:21]
  SNR 0.5 dB, common drops=830, overall=6830/7000 (97.6%), rate=0.323 drops/s, elapsed=05:52:35, remaining=00:08:47, finish_utc=2026-09-21T21:45:59+00:00, errors=[B-SSB:66, P2-SSB:25, P6-SSB:26, BC-SSB:34, CDD-SSB:21]
  SNR 0.5 dB, common drops=840, overall=6840/7000 (97.7%), rate=0.323 drops/s, elapsed=05:53:05, remaining=00:08:16, finish_utc=2026-09-21T21:45:58+00:00, errors=[B-SSB:66, P2-SSB:25, P6-SSB:26, BC-SSB:34, CDD-SSB:21]
  SNR 0.5 dB, common drops=850, overall=6850/7000 (97.9%), rate=0.323 drops/s, elapsed=05:53:35, remaining=00:07:45, finish_utc=2026-09-21T21:45:57+00:00, errors=[B-SSB:67, P2-SSB:25, P6-SSB:26, BC-SSB:34, CDD-SSB:21]
  SNR 0.5 dB, common drops=860, overall=6860/7000 (98.0%), rate=0.323 drops/s, elapsed=05:54:05, remaining=00:07:14, finish_utc=2026-09-21T21:45:56+00:00, errors=[B-SSB:68, P2-SSB:25, P6-SSB:26, BC-SSB:35, CDD-SSB:22]
  SNR 0.5 dB, common drops=870, overall=6870/7000 (98.1%), rate=0.323 drops/s, elapsed=05:54:38, remaining=00:06:43, finish_utc=2026-09-21T21:45:58+00:00, errors=[B-SSB:69, P2-SSB:26, P6-SSB:27, BC-SSB:36, CDD-SSB:22]
  SNR 0.5 dB, common drops=880, overall=6880/7000 (98.3%), rate=0.323 drops/s, elapsed=05:55:11, remaining=00:06:12, finish_utc=2026-09-21T21:46:00+00:00, errors=[B-SSB:71, P2-SSB:26, P6-SSB:28, BC-SSB:37, CDD-SSB:23]
  SNR 0.5 dB, common drops=890, overall=6890/7000 (98.4%), rate=0.323 drops/s, elapsed=05:55:42, remaining=00:05:41, finish_utc=2026-09-21T21:46:00+00:00, errors=[B-SSB:71, P2-SSB:26, P6-SSB:28, BC-SSB:37, CDD-SSB:23]
  SNR 0.5 dB, common drops=900, overall=6900/7000 (98.6%), rate=0.323 drops/s, elapsed=05:56:12, remaining=00:05:10, finish_utc=2026-09-21T21:45:59+00:00, errors=[B-SSB:73, P2-SSB:27, P6-SSB:28, BC-SSB:37, CDD-SSB:24]
  SNR 0.5 dB, common drops=910, overall=6910/7000 (98.7%), rate=0.323 drops/s, elapsed=05:56:42, remaining=00:04:39, finish_utc=2026-09-21T21:45:58+00:00, errors=[B-SSB:73, P2-SSB:27, P6-SSB:28, BC-SSB:37, CDD-SSB:24]
  SNR 0.5 dB, common drops=920, overall=6920/7000 (98.9%), rate=0.323 drops/s, elapsed=05:57:12, remaining=00:04:08, finish_utc=2026-09-21T21:45:57+00:00, errors=[B-SSB:74, P2-SSB:27, P6-SSB:28, BC-SSB:37, CDD-SSB:25]
  SNR 0.5 dB, common drops=930, overall=6930/7000 (99.0%), rate=0.323 drops/s, elapsed=05:57:46, remaining=00:03:37, finish_utc=2026-09-21T21:46:00+00:00, errors=[B-SSB:74, P2-SSB:27, P6-SSB:28, BC-SSB:37, CDD-SSB:25]
  SNR 0.5 dB, common drops=940, overall=6940/7000 (99.1%), rate=0.323 drops/s, elapsed=05:58:16, remaining=00:03:06, finish_utc=2026-09-21T21:46:00+00:00, errors=[B-SSB:74, P2-SSB:27, P6-SSB:28, BC-SSB:37, CDD-SSB:25]
  SNR 0.5 dB, common drops=950, overall=6950/7000 (99.3%), rate=0.323 drops/s, elapsed=05:58:46, remaining=00:02:35, finish_utc=2026-09-21T21:45:59+00:00, errors=[B-SSB:74, P2-SSB:27, P6-SSB:28, BC-SSB:37, CDD-SSB:25]
  SNR 0.5 dB, common drops=960, overall=6960/7000 (99.4%), rate=0.323 drops/s, elapsed=05:59:16, remaining=00:02:04, finish_utc=2026-09-21T21:45:58+00:00, errors=[B-SSB:75, P2-SSB:28, P6-SSB:29, BC-SSB:38, CDD-SSB:26]
  SNR 0.5 dB, common drops=970, overall=6970/7000 (99.6%), rate=0.323 drops/s, elapsed=05:59:47, remaining=00:01:33, finish_utc=2026-09-21T21:45:58+00:00, errors=[B-SSB:75, P2-SSB:28, P6-SSB:29, BC-SSB:38, CDD-SSB:26]
  SNR 0.5 dB, common drops=980, overall=6980/7000 (99.7%), rate=0.323 drops/s, elapsed=06:00:21, remaining=00:01:02, finish_utc=2026-09-21T21:46:01+00:00, errors=[B-SSB:75, P2-SSB:28, P6-SSB:29, BC-SSB:38, CDD-SSB:26]
  SNR 0.5 dB, common drops=990, overall=6990/7000 (99.9%), rate=0.323 drops/s, elapsed=06:00:52, remaining=00:00:31, finish_utc=2026-09-21T21:46:01+00:00, errors=[B-SSB:76, P2-SSB:28, P6-SSB:30, BC-SSB:38, CDD-SSB:26]
  SNR 0.5 dB, common drops=1000, overall=7000/7000 (100.0%), rate=0.323 drops/s, elapsed=06:01:22, remaining=00:00:00, finish_utc=2026-09-21T21:45:59+00:00, errors=[B-SSB:76, P2-SSB:28, P6-SSB:30, BC-SSB:38, CDD-SSB:26]
SNR 0.5 dB complete: drops=1000
Fixed curve run complete: D:\07 2026\Simulation\SIB1_diversity\outputs\plan-005\run-001\full
simulation complete; results written to D:\07 2026\Simulation\SIB1_diversity\outputs\plan-005\run-001\full\bler.csv
